LogTime, DownloadSpeedMbps, UploadSpeedMbps, PingMs
2025-01-04 21:42:34, 70.70, 14.46, 6.60
2025-01-05 12:09:14, 82.16, 101.05, 25.57
2025-01-05 12:09:49, 81.39, 90.11, 49.21
2025-01-05 12:45:24, 80.89, 102.28, 7.17
2025-01-05 13:15:23, 85.37, 99.95, 6.36
2025-01-05 13:45:24, 77.32, 68.85, 7.22
2025-01-05 14:15:23, 93.88, 101.64, 22.80
2025-01-05 14:45:24, 73.56, 88.24, 6.98
2025-01-05 15:15:24, 91.05, 89.79, 16.39
2025-01-05 15:45:25, 90.22, 12.54, 21.25
2025-01-05 16:14:36, 73.79, 23.18, 23.62
2025-01-05 16:15:25, 82.44, 35.24, 22.39
2025-01-05 16:45:27, 84.62, 11.35, 22.18
2025-01-05 17:09:18, 73.38, 20.96, 22.72
2025-01-05 17:15:24, 75.19, 94.35, 16.34
2025-01-05 17:45:33, 87.98, 10.23, 24.25
2025-01-05 18:15:30, 76.62, 81.83, 22.47
2025-01-05 18:45:25, 63.23, 93.15, 6.79
2025-01-05 19:12:03, 83.36, 66.51, 17.72
2025-01-05 19:15:23, 49.81, 78.98, 7.40
2025-01-05 19:45:25, 89.95, 87.13, 16.08
2025-01-05 20:15:24, 67.81, 82.02, 6.72
2025-01-05 20:45:23, 85.82, 30.95, 6.55
2025-01-05 21:15:24, 76.16, 74.12, 6.95
2025-01-05 21:45:24, 89.45, 92.83, 17.80
2025-01-05 22:15:24, 74.17, 74.45, 17.46
2025-01-05 22:45:23, 87.00, 93.82, 21.91
2025-01-05 23:15:23, 91.38, 95.50, 15.08
2025-01-05 23:45:24, 94.14, 106.82, 12.20
2025-01-06 00:15:25, 93.26, 105.75, 11.55
2025-01-06 00:45:32, 88.76, 39.36, 11.52
2025-01-06 01:15:24, 78.26, 103.61, 10.50
2025-01-06 01:45:25, 92.08, 100.87, 11.00
2025-01-06 02:15:25, 93.03, 102.88, 10.58
2025-01-06 02:45:26, 95.38, 52.76, 13.55
2025-01-06 03:15:24, 96.10, 98.34, 14.37
2025-01-06 03:45:24, 92.68, 47.11, 13.28
2025-01-06 04:15:29, 81.93, 91.25, 15.54
2025-01-06 04:45:24, 93.92, 90.65, 14.00
2025-01-06 05:15:24, 93.79, 93.37, 14.41
2025-01-06 05:45:24, 96.57, 41.64, 12.52
2025-01-06 06:15:24, 82.12, 97.19, 12.94
2025-01-06 06:45:29, 94.97, 35.11, 13.06
2025-01-06 07:15:24, 88.73, 51.24, 11.58
2025-01-06 07:45:26, 86.25, 6.02, 10.27
2025-01-06 08:15:24, 83.96, 56.23, 13.30
2025-01-06 08:45:23, 96.30, 62.94, 11.04
2025-01-06 09:15:23, 94.11, 69.57, 12.98
2025-01-06 09:45:25, 89.72, 17.20, 12.43
2025-01-06 10:15:23, 95.60, 56.63, 11.78
2025-01-06 10:45:23, 66.52, 35.84, 21.55
2025-01-06 11:15:23, 80.59, 73.71, 21.99
2025-01-06 11:45:23, 88.50, 43.62, 23.12
2025-01-06 12:15:23, 88.17, 87.69, 22.97
2025-01-06 12:45:26, 91.95, 82.93, 16.06
2025-01-06 13:15:24, 83.80, 96.33, 7.53
2025-01-06 13:45:25, 89.45, 82.85, 15.12
2025-01-06 14:15:30, 84.51, 96.05, 7.77
2025-01-06 14:45:25, 82.07, 93.39, 7.03
2025-01-06 15:15:24, 83.97, 80.21, 7.41
2025-01-06 15:45:24, 94.33, 17.17, 14.62
2025-01-06 16:15:24, 95.44, 34.96, 15.26
2025-01-06 16:45:26, 94.40, 29.39, 13.66
2025-01-06 17:15:24, 93.23, 16.21, 14.44
2025-01-06 17:45:24, 94.49, 25.46, 13.72
2025-01-06 18:15:25, 85.25, 49.33, 9.93
2025-01-06 18:45:29, 93.15, 70.30, 8.71
2025-01-06 19:15:25, 79.39, 69.95, 7.09
2025-01-06 19:45:33, 85.77, 19.90, 9.23
2025-01-06 20:15:23, 78.41, 76.80, 7.54
2025-01-06 20:45:25, 69.75, 50.47, 6.89
2025-01-06 21:15:25, 61.19, 49.80, 6.89
2025-01-06 21:45:26, 82.77, 20.37, 9.73
2025-01-06 22:15:23, 56.84, 72.65, 7.05
2025-01-06 22:45:25, 59.66, 77.62, 7.94
2025-01-06 23:15:24, 66.53, 78.67, 7.24
2025-01-06 23:45:23, 87.67, 34.43, 14.46
2025-01-07 00:15:23, 48.08, 65.37, 17.33
2025-01-07 00:45:26, 84.43, 37.78, 19.11
2025-01-07 01:15:23, 81.07, 49.34, 16.11
2025-01-07 01:45:27, 87.43, 20.50, 14.83
2025-01-07 02:15:28, 71.96, 9.01, 18.56
2025-01-07 02:45:29, 47.04, 36.04, 16.66
2025-01-07 03:15:28, 48.60, 13.05, 15.90
2025-01-07 03:45:25, 47.94, 18.12, 17.75
2025-01-07 04:15:33, 48.67, 17.17, 24.58
2025-01-07 04:45:30, 48.33, 25.12, 17.42
2025-01-07 05:15:28, 46.09, 11.22, 16.92
2025-01-07 05:45:23, 50.53, 13.94, 16.84
2025-01-07 06:15:25, 41.27, 16.14, 23.42
2025-01-07 06:45:23, 80.21, 96.14, 17.13
2025-01-07 07:15:23, 91.84, 14.81, 18.85
2025-01-07 07:45:23, 73.60, 74.50, 19.34
2025-01-07 08:15:27, 64.77, 11.32, 24.24
2025-01-07 08:45:23, 76.27, 82.31, 32.34
2025-01-07 09:15:24, 82.42, 24.36, 33.86
2025-01-07 09:45:24, 69.94, 35.73, 33.45
2025-01-07 10:15:24, 80.29, 82.25, 32.40
2025-01-07 10:45:25, 86.88, 55.75, 32.44
2025-01-07 11:15:24, 81.30, 81.59, 33.91
2025-01-07 11:45:29, 91.68, 43.44, 9.94
2025-01-07 12:15:24, 73.39, 85.64, 16.60
2025-01-07 12:45:29, 92.34, 66.26, 11.35
2025-01-07 13:15:24, 58.64, 89.84, 14.79
2025-01-07 13:45:26, 93.64, 81.36, 11.41
2025-01-07 14:15:24, 81.01, 98.46, 11.61
2025-01-07 14:45:24, 93.23, 64.98, 14.97
2025-01-07 15:15:24, 84.60, 101.65, 11.04
2025-01-07 15:45:24, 86.93, 52.60, 15.19
2025-01-07 16:15:24, 92.37, 67.95, 15.85
2025-01-07 16:45:23, 86.90, 44.26, 14.11
2025-01-07 17:15:24, 90.09, 60.35, 15.74
2025-01-07 17:45:23, 87.36, 69.95, 18.57
2025-01-07 18:15:23, 89.45, 45.49, 17.56
2025-01-07 18:45:23, 77.68, 104.15, 11.80
2025-01-07 19:15:23, 74.90, 101.65, 11.17
2025-01-07 19:45:31, 69.93, 15.52, 12.16
2025-01-07 20:15:30, 70.69, 6.02, 12.50
2025-01-07 20:45:25, 72.84, 10.94, 11.70
2025-01-07 21:15:24, 75.01, 98.74, 11.15
2025-01-07 21:45:25, 82.52, 35.36, 13.20
2025-01-07 22:15:30, 80.13, 45.62, 14.76
2025-01-07 22:45:25, 71.97, 42.05, 12.85
2025-01-07 23:15:25, 71.68, 48.08, 14.81
2025-01-07 23:45:26, 61.08, 46.30, 6.83
2025-01-08 00:15:24, 83.35, 99.52, 7.41
2025-01-08 00:45:26, 71.23, 93.23, 6.77
2025-01-08 01:15:32, 67.69, 25.47, 7.02
2025-01-08 01:45:28, 63.08, 60.41, 6.60
2025-01-08 02:15:24, 69.55, 80.86, 6.58
2025-01-08 02:45:24, 82.50, 63.74, 21.98
2025-01-08 03:15:25, 89.96, 6.44, 19.15
2025-01-08 03:45:25, 91.10, 47.02, 15.08
2025-01-08 04:15:25, 89.00, 82.25, 18.90
2025-01-08 04:45:24, 89.56, 85.95, 17.27
2025-01-08 05:15:24, 74.51, 36.87, 21.36
2025-01-08 05:45:23, 78.45, 87.96, 14.65
2025-01-08 06:15:24, 91.42, 73.24, 13.81
2025-01-08 06:45:23, 86.44, 67.51, 14.49
2025-01-08 07:15:23, 86.53, 74.95, 16.53
2025-01-08 07:45:23, 92.78, 35.87, 13.29
2025-01-08 08:15:24, 98.79, 9.05, 14.27
2025-01-08 08:45:24, 92.69, 85.22, 15.50
2025-01-08 09:15:26, 93.75, 12.85, 16.56
2025-01-08 09:45:25, 92.09, 38.39, 15.06
2025-01-08 10:15:23, 93.88, 34.32, 12.14
2025-01-08 10:45:24, 92.85, 33.56, 13.21
2025-01-08 11:15:29, 84.27, 37.56, 15.95
2025-01-08 11:45:24, 94.75, 52.20, 12.01
2025-01-08 12:15:24, 96.10, 42.06, 11.95
2025-01-08 12:45:24, 88.96, 61.99, 19.09
2025-01-08 13:15:24, 96.39, 62.52, 14.76
2025-01-08 13:45:23, 95.44, 48.47, 14.97
2025-01-08 14:15:24, 92.84, 96.22, 18.42
2025-01-08 14:45:24, 94.73, 47.51, 15.77
2025-01-08 15:15:24, 88.47, 6.22, 22.69
2025-01-08 15:45:24, 84.33, 75.77, 23.75
2025-01-08 16:15:24, 87.64, 53.04, 22.03
2025-01-08 16:45:24, 91.65, 77.81, 16.37
2025-01-08 17:15:25, 90.08, 86.29, 15.98
2025-01-08 17:45:27, 89.08, 57.67, 19.65
2025-01-08 18:15:28, 89.18, 50.31, 22.54
2025-01-08 18:45:28, 85.92, 36.08, 17.15
2025-01-08 19:15:24, 88.70, 64.38, 15.96
2025-01-08 19:45:27, 91.43, 42.05, 16.41
2025-01-08 20:15:24, 88.95, 59.65, 16.20
2025-01-08 20:45:23, 94.06, 53.86, 16.74
2025-01-08 21:15:23, 84.80, 68.32, 15.90
2025-01-08 21:45:24, 89.91, 58.85, 16.01
2025-01-08 22:15:24, 88.59, 56.79, 17.12
2025-01-08 22:45:24, 91.68, 78.11, 15.34
2025-01-08 23:15:24, 87.93, 72.61, 15.92
2025-01-08 23:45:26, 91.68, 36.55, 15.30
2025-01-09 00:15:25, 87.81, 40.20, 17.00
2025-01-09 00:45:24, 89.43, 67.31, 15.52
2025-01-09 01:15:24, 89.64, 72.39, 15.57
2025-01-09 01:45:30, 86.01, 79.27, 35.33
2025-01-09 02:15:28, 85.15, 58.38, 17.18
2025-01-09 02:45:24, 83.14, 68.92, 15.61
2025-01-09 03:15:24, 96.40, 79.02, 13.54
2025-01-09 03:45:24, 85.03, 77.71, 16.32
2025-01-09 04:15:25, 94.76, 73.25, 14.01
2025-01-09 04:45:25, 91.69, 81.87, 15.12
2025-01-09 05:15:24, 94.05, 84.87, 14.25
2025-01-09 05:45:24, 92.40, 71.73, 13.15
2025-01-09 06:15:31, 97.50, 29.60, 13.07
2025-01-09 06:45:27, 95.49, 34.91, 14.28
2025-01-09 07:15:25, 89.56, 23.35, 15.26
2025-01-09 07:45:27, 88.98, 46.51, 13.15
2025-01-09 08:15:23, 97.67, 37.98, 12.83
2025-01-09 08:45:25, 76.49, 51.75, 7.02
2025-01-09 09:15:25, 78.21, 68.66, 7.33
2025-01-09 09:45:24, 92.49, 18.63, 15.49
2025-01-09 10:15:27, 94.95, 11.66, 15.01
2025-01-09 10:45:24, 91.73, 41.01, 8.09
2025-01-09 11:15:23, 95.05, 61.30, 18.25
2025-01-09 11:45:24, 80.35, 57.29, 6.75
2025-01-09 12:15:24, 94.05, 46.85, 18.08
2025-01-09 12:45:24, 90.65, 58.04, 19.64
2025-01-09 13:15:25, 73.30, 56.96, 8.06
2025-01-09 13:45:24, 66.97, 35.65, 22.33
2025-01-09 14:15:24, 89.89, 73.15, 14.56
2025-01-09 14:45:25, 90.72, 43.67, 20.82
2025-01-09 15:15:24, 88.79, 74.45, 21.76
2025-01-09 15:45:24, 75.88, 61.76, 16.43
2025-01-09 16:15:26, 70.73, 15.92, 16.42
2025-01-09 16:45:24, 68.65, 59.12, 15.40
2025-01-09 17:15:23, 78.23, 61.18, 16.18
2025-01-09 17:45:23, 89.24, 72.03, 15.82
2025-01-09 18:15:24, 91.94, 38.10, 16.21
2025-01-09 18:45:29, 86.79, 21.25, 16.55
2025-01-09 19:15:27, 84.98, 22.72, 15.93
2025-01-09 19:45:24, 79.63, 6.50, 16.72
2025-01-09 20:15:24, 86.47, 32.78, 15.66
2025-01-09 20:45:23, 81.22, 62.20, 15.88
2025-01-09 21:15:24, 94.91, 29.95, 15.96
2025-01-09 21:45:25, 79.60, 18.33, 10.63
2025-01-09 22:15:24, 84.92, 30.96, 10.75
2025-01-09 22:45:29, 79.79, 26.12, 13.12
2025-01-09 23:15:24, 91.36, 45.75, 10.77
2025-01-09 23:45:25, 97.39, 63.07, 11.60
2025-01-10 00:15:25, 89.00, 27.50, 10.16
2025-01-10 00:45:24, 89.77, 8.29, 11.75
2025-01-10 01:15:26, 85.78, 58.09, 12.51
2025-01-10 01:45:24, 95.63, 16.06, 11.23
2025-01-10 02:15:26, 88.08, 17.57, 11.31
2025-01-10 02:45:29, 82.95, 9.21, 11.86
2025-01-10 03:15:25, 83.45, 60.79, 10.85
2025-01-10 03:45:25, 94.07, 7.53, 9.99
2025-01-10 04:15:30, 84.29, 46.84, 11.52
2025-01-10 04:45:28, 96.26, 6.36, 10.84
2025-01-10 05:15:25, 86.49, 46.86, 11.72
2025-01-10 05:45:25, 86.90, 16.35, 16.63
2025-01-10 06:15:24, 85.54, 75.01, 15.87
2025-01-10 06:45:24, 88.42, 45.18, 15.28
2025-01-10 07:15:24, 91.31, 86.20, 17.17
2025-01-10 07:45:24, 92.40, 34.06, 15.79
2025-01-10 08:15:24, 77.82, 85.61, 15.82
2025-01-10 08:45:25, 89.75, 7.10, 27.66
2025-01-10 09:15:25, 76.38, 5.92, 9.91
2025-01-10 09:45:27, 84.93, 69.59, 10.26
2025-01-10 10:15:25, 75.58, 92.43, 10.42
2025-01-10 10:45:23, 88.33, 96.35, 9.60
2025-01-10 11:15:25, 87.78, 94.74, 11.62
2025-01-10 11:45:24, 91.48, 96.52, 11.58
2025-01-10 12:15:24, 91.83, 89.88, 11.07
2025-01-10 12:45:24, 91.01, 82.21, 16.53
2025-01-10 13:15:25, 90.17, 33.75, 21.05
2025-01-10 13:45:24, 81.01, 63.91, 7.20
2025-01-10 14:15:24, 88.53, 52.10, 20.53
2025-01-10 14:45:24, 85.09, 61.55, 19.58
2025-01-10 15:15:24, 86.39, 88.46, 15.29
2025-01-10 15:45:28, 82.30, 42.57, 16.04
2025-01-10 16:15:24, 89.46, 33.24, 15.67
2025-01-10 16:45:24, 72.25, 56.24, 16.05
2025-01-10 17:15:24, 75.77, 40.79, 16.42
2025-01-10 17:45:24, 86.52, 59.37, 11.63
2025-01-10 18:15:24, 75.85, 60.34, 16.30
2025-01-10 18:45:23, 71.34, 36.51, 6.98
2025-01-10 19:15:25, 67.43, 71.15, 6.96
2025-01-10 19:45:25, 63.90, 16.80, 6.36
2025-01-10 20:15:25, 73.80, 36.29, 7.25
2025-01-10 20:45:24, 73.71, 42.98, 7.63
2025-01-10 21:15:23, 71.70, 48.80, 6.59
2025-01-10 21:45:30, 84.44, 12.19, 12.04
2025-01-10 22:15:24, 75.81, 61.86, 11.08
2025-01-10 22:45:24, 79.50, 41.58, 11.37
2025-01-10 23:15:27, 72.24, 24.65, 11.75
2025-01-10 23:45:23, 76.78, 49.87, 6.71
2025-01-11 00:15:25, 66.76, 70.00, 7.32
2025-01-11 00:45:25, 73.64, 48.30, 7.74
2025-01-11 01:15:24, 70.13, 14.77, 8.12
2025-01-11 01:45:13, 82.72, 0.00, 6.93
2025-01-11 02:15:24, 70.40, 19.37, 8.09
2025-01-11 02:45:23, 82.13, 46.09, 15.69
2025-01-11 03:15:26, 75.71, 42.50, 15.94
2025-01-11 03:45:26, 79.95, 22.09, 16.96
2025-01-11 04:15:24, 65.10, 28.85, 17.00
2025-01-11 04:45:24, 69.99, 39.79, 17.28
2025-01-11 05:15:23, 76.47, 76.81, 16.12
2025-01-11 05:45:25, 80.53, 58.25, 11.79
2025-01-11 06:15:24, 77.97, 66.94, 10.28
2025-01-11 06:45:24, 78.77, 52.98, 11.15
2025-01-11 07:15:24, 81.81, 54.23, 11.63
2025-01-11 07:45:24, 81.06, 44.44, 11.16
2025-01-11 08:15:24, 78.32, 68.90, 10.01
2025-01-11 08:45:25, 81.78, 34.87, 10.76
2025-01-11 09:15:27, 68.73, 28.27, 11.90
2025-01-11 09:45:24, 78.56, 27.81, 10.59
2025-01-11 10:15:23, 79.54, 32.46, 10.25
2025-01-11 10:45:24, 73.76, 29.92, 10.90
2025-01-11 11:15:32, 65.52, 23.43, 10.77
2025-01-11 11:45:32, 69.52, 12.73, 12.21
2025-01-11 12:15:28, 86.23, 8.28, 11.28
2025-01-11 12:45:23, 80.76, 59.84, 10.64
2025-01-12 16:45:25, 32.00, 38.82, 28.57
2025-01-12 17:15:24, 37.14, 39.57, 30.94
2025-01-12 17:45:24, 19.27, 30.53, 24.92
2025-01-12 18:15:25, 11.40, 21.46, 27.92
2025-01-12 18:45:24, 16.76, 14.88, 37.69
2025-01-12 19:15:24, 21.75, 24.97, 35.24
2025-01-12 19:45:28, 7.33, 34.17, 31.83
2025-01-12 20:15:24, 9.79, 36.88, 31.63
2025-01-12 20:45:25, 5.42, 36.54, 32.99
2025-01-12 21:15:25, 9.66, 12.17, 41.83
2025-01-12 21:45:24, 22.15, 42.52, 31.18
2025-01-12 22:15:24, 24.15, 39.61, 33.32
2025-01-12 22:45:25, 25.93, 39.66, 32.99
2025-01-12 23:15:24, 22.39, 38.97, 33.48
2025-01-12 23:45:25, 27.17, 37.86, 34.37
2025-01-13 00:15:27, 31.18, 40.89, 59.60
2025-01-13 00:45:27, 24.28, 32.12, 71.52
2025-01-13 01:15:26, 26.60, 43.01, 59.42
2025-01-13 01:45:27, 24.04, 42.93, 61.06
2025-01-13 02:15:26, 27.51, 41.34, 59.21
2025-01-13 02:45:26, 31.09, 43.54, 39.44
2025-01-13 03:15:26, 33.87, 42.91, 45.68
2025-01-13 03:45:26, 33.73, 42.09, 39.28
2025-01-13 04:15:29, 29.97, 12.33, 36.56
2025-01-13 07:45:32, 9.78, 13.80, 28.69
2025-01-13 10:45:24, 36.30, 43.39, 31.97
2025-01-13 11:15:24, 35.33, 41.36, 34.65
2025-01-13 11:45:25, 40.72, 42.44, 30.52
2025-01-24 19:15:27, 102.53, 46.46, 43.27
2025-01-24 19:45:25, 70.73, 49.62, 40.45
2025-01-24 20:15:26, 40.86, 36.43, 41.78
2025-01-24 20:45:27, 68.35, 24.74, 41.31
2025-01-24 21:15:25, 79.56, 46.06, 45.62
2025-01-24 21:45:24, 81.87, 39.74, 37.83
2025-01-24 21:50:25, 77.62, 46.97, 51.14
2025-01-24 21:55:25, 59.50, 45.94, 42.42
2025-01-24 22:10:25, 49.40, 45.32, 47.64
2025-01-24 22:15:25, 73.47, 36.35, 45.65
2025-01-24 22:20:25, 81.30, 45.29, 39.69
2025-01-24 22:25:25, 82.42, 42.01, 40.64
2025-01-24 22:40:24, 84.37, 42.24, 33.44
2025-01-24 22:45:24, 80.43, 45.56, 35.78
2025-01-24 22:50:25, 59.48, 49.63, 46.96
2025-01-24 22:55:25, 68.20, 48.61, 46.54
2025-01-24 23:10:26, 89.71, 46.55, 44.05
2025-01-24 23:15:26, 121.97, 47.80, 37.52
2025-01-24 23:20:25, 155.67, 48.98, 36.88
2025-01-24 23:25:25, 123.71, 47.77, 45.55
2025-01-24 23:40:25, 203.93, 50.09, 45.80
2025-01-24 23:45:25, 147.26, 50.32, 40.04
2025-01-24 23:50:25, 225.08, 52.17, 26.63
2025-01-24 23:55:24, 93.57, 49.36, 38.38
2025-01-25 00:10:27, 186.55, 54.36, 45.95
2025-01-25 00:15:25, 240.78, 57.65, 30.76
2025-01-25 00:20:26, 167.51, 54.16, 46.12
2025-01-25 00:25:25, 183.93, 57.63, 37.36
2025-01-25 00:40:25, 210.19, 64.31, 34.53
2025-01-25 00:45:24, 152.73, 64.11, 28.01
2025-01-25 00:50:25, 167.25, 62.84, 29.77
2025-01-25 00:55:24, 171.39, 61.78, 29.17
2025-01-25 01:10:25, 230.86, 64.30, 34.45
2025-01-25 01:15:26, 231.47, 59.92, 34.98
2025-01-25 01:20:26, 329.22, 64.61, 40.93
2025-01-25 01:25:25, 218.36, 65.69, 35.55
2025-01-25 01:40:24, 281.77, 58.61, 28.43
2025-01-25 01:45:25, 141.55, 73.49, 28.60
2025-01-25 01:50:24, 301.39, 70.93, 27.33
2025-01-25 01:55:25, 149.00, 68.39, 29.25
2025-01-25 02:10:25, 186.12, 75.23, 25.58
2025-01-25 02:15:24, 265.46, 63.07, 26.83
2025-01-25 02:20:24, 206.02, 66.99, 24.67
2025-01-25 02:25:25, 225.48, 68.95, 30.26
2025-01-25 02:40:24, 170.42, 74.54, 24.58
2025-01-25 02:45:25, 213.02, 47.39, 31.09
2025-01-25 02:50:25, 164.24, 45.48, 25.74
2025-01-25 02:55:24, 182.78, 47.55, 29.75
2025-01-25 03:10:24, 152.89, 49.33, 27.79
2025-01-25 03:15:24, 325.35, 45.88, 26.34
2025-01-25 03:20:23, 351.38, 46.13, 28.51
2025-01-25 03:25:23, 104.07, 47.66, 26.39
2025-01-25 03:40:23, 122.23, 45.60, 27.38
2025-01-25 03:45:23, 343.14, 69.35, 26.08
2025-01-25 03:50:23, 347.26, 74.94, 24.59
2025-01-25 03:55:23, 342.02, 72.79, 25.90
2025-01-25 04:10:25, 348.67, 45.62, 25.74
2025-01-25 04:15:23, 172.20, 79.32, 26.52
2025-01-25 04:20:23, 349.15, 46.06, 26.84
2025-01-25 04:25:24, 294.68, 45.36, 25.92
2025-01-25 04:40:24, 332.39, 82.02, 23.76
2025-01-25 04:45:24, 326.01, 69.26, 27.10
2025-01-25 04:50:24, 318.77, 49.46, 23.75
2025-01-25 04:55:23, 325.06, 49.94, 26.61
2025-01-25 05:10:25, 332.76, 46.85, 25.00
2025-01-25 05:15:24, 332.98, 69.95, 24.43
2025-01-25 05:20:23, 122.48, 46.28, 24.10
2025-01-25 05:25:24, 330.65, 64.86, 24.25
2025-01-25 05:40:24, 142.16, 46.31, 25.21
2025-01-25 05:45:23, 335.13, 48.90, 25.08
2025-01-25 05:50:23, 337.33, 65.77, 25.14
2025-01-25 05:55:23, 339.77, 53.67, 22.25
2025-01-25 06:10:26, 288.87, 76.82, 47.08
2025-01-25 06:15:25, 279.09, 70.64, 35.41
2025-01-25 06:20:24, 163.14, 77.97, 36.56
2025-01-25 06:25:24, 324.05, 73.71, 38.77
2025-01-25 06:40:23, 376.31, 71.46, 41.27
2025-01-25 06:45:25, 288.66, 59.64, 42.49
2025-01-25 06:50:25, 315.08, 65.61, 39.48
2025-01-25 06:55:24, 294.46, 65.88, 41.20
2025-01-25 07:10:25, 316.55, 72.91, 40.65
2025-01-25 07:15:25, 296.73, 67.61, 37.91
2025-01-25 07:20:25, 320.07, 69.55, 39.24
2025-01-25 07:25:25, 308.47, 75.79, 37.74
2025-01-25 07:40:21, 516.62, 73.33, 38.58
2025-01-25 07:45:25, 235.59, 71.28, 38.57
2025-01-25 07:50:25, 343.43, 68.23, 39.62
2025-01-25 07:55:25, 342.44, 62.94, 36.65
2025-01-25 08:10:22, 419.14, 64.96, 42.41
2025-01-25 08:15:25, 276.78, 64.37, 38.82
2025-01-25 08:20:24, 145.70, 62.11, 37.08
2025-01-25 08:25:25, 290.52, 64.47, 41.82
2025-01-25 08:40:25, 200.79, 59.37, 40.32
2025-01-25 08:45:25, 276.32, 60.33, 43.47
2025-01-25 08:50:25, 326.57, 52.77, 43.34
2025-01-25 08:55:25, 275.71, 52.79, 42.23
2025-01-25 09:05:25, 212.51, 56.53, 44.18
2025-01-25 09:10:25, 324.37, 42.29, 29.02
2025-01-25 09:15:25, 315.27, 59.51, 31.51
2025-01-25 09:20:25, 195.50, 57.62, 36.61
2025-01-25 09:25:24, 241.94, 51.89, 28.33
2025-01-25 09:40:25, 251.66, 45.73, 38.98
2025-01-25 09:45:25, 321.29, 54.24, 33.19
2025-01-25 09:50:25, 271.40, 62.26, 36.03
2025-01-25 09:55:26, 315.78, 54.72, 31.62
2025-01-25 10:10:26, 222.43, 55.12, 32.59
2025-01-25 10:15:25, 248.96, 55.00, 37.38
2025-01-25 10:20:26, 222.09, 57.89, 33.88
2025-01-25 10:25:26, 195.31, 50.72, 29.67
2025-01-25 10:40:26, 241.45, 53.75, 36.45
2025-01-25 10:45:25, 132.37, 51.06, 35.26
2025-01-25 10:50:26, 155.10, 51.22, 37.12
2025-01-25 10:55:25, 161.46, 55.87, 28.81
2025-01-25 11:10:25, 212.26, 24.35, 39.44
2025-01-25 11:15:25, 229.31, 25.67, 43.05
2025-01-25 11:20:25, 208.44, 33.69, 31.78
2025-01-25 11:25:25, 204.72, 28.72, 42.05
2025-01-25 11:40:25, 253.43, 54.03, 33.10
2025-01-25 11:45:25, 175.89, 56.48, 32.62
2025-01-25 11:50:26, 222.67, 52.24, 40.69
2025-01-25 11:55:26, 174.83, 55.60, 33.61
2025-01-25 12:10:26, 207.32, 45.98, 37.81
2025-01-25 12:15:25, 231.63, 54.19, 43.39
2025-01-25 12:20:25, 236.45, 48.85, 46.43
2025-01-25 12:25:25, 207.22, 52.81, 38.32
2025-01-25 12:40:25, 268.28, 50.53, 44.34
2025-01-25 12:45:25, 194.24, 47.37, 47.27
2025-01-25 12:50:26, 203.15, 45.14, 30.92
2025-01-25 12:55:25, 162.97, 43.49, 44.63
2025-01-25 13:10:25, 184.26, 48.38, 40.19
2025-01-25 13:15:25, 210.39, 28.71, 41.08
2025-01-25 13:20:25, 170.93, 39.17, 41.84
2025-01-25 13:25:25, 147.59, 44.48, 39.77
2025-01-25 13:40:25, 198.59, 49.56, 40.52
2025-01-25 13:45:26, 194.32, 51.48, 36.17
2025-01-25 13:50:25, 233.47, 54.24, 36.25
2025-01-25 13:55:25, 204.39, 56.53, 42.82
2025-01-25 14:10:25, 148.37, 57.15, 47.77
2025-01-25 14:15:26, 210.46, 50.99, 37.41
2025-01-25 14:20:25, 194.77, 53.76, 46.19
2025-01-25 14:25:26, 218.41, 54.42, 29.39
2025-01-25 14:40:26, 154.74, 50.58, 45.63
2025-01-25 14:45:25, 214.82, 50.22, 50.97
2025-01-25 14:50:24, 217.88, 47.23, 33.75
2025-01-25 14:55:25, 204.01, 47.18, 47.09
2025-01-25 15:10:25, 122.09, 54.28, 35.11
2025-01-25 15:15:25, 95.23, 51.04, 31.18
2025-01-25 15:20:25, 70.68, 46.95, 30.94
2025-01-25 15:25:25, 77.84, 47.37, 37.78
2025-01-25 15:40:25, 144.01, 53.34, 39.87
2025-01-25 15:45:24, 94.45, 54.60, 39.37
2025-01-25 15:50:25, 107.34, 49.34, 33.27
2025-01-25 15:55:24, 92.17, 52.51, 22.86
2025-01-25 16:10:25, 90.60, 47.93, 36.52
2025-01-25 16:15:25, 109.94, 46.40, 35.84
2025-01-25 16:20:25, 152.73, 51.39, 36.69
2025-01-25 16:25:25, 71.87, 46.67, 40.12
2025-01-25 16:35:25, 102.69, 40.84, 36.12
2025-01-25 16:40:24, 116.48, 49.86, 35.70
2025-01-25 16:45:25, 115.91, 46.40, 37.45
2025-01-25 16:50:25, 117.65, 48.68, 39.89
2025-01-25 16:55:25, 134.24, 47.65, 39.08
2025-01-25 17:10:24, 108.02, 52.35, 37.45
2025-01-25 17:15:25, 101.10, 47.63, 36.61
2025-01-25 17:20:24, 101.84, 52.28, 31.28
2025-01-25 17:25:25, 103.66, 46.38, 39.62
2025-01-25 17:40:24, 106.24, 43.51, 29.51
2025-01-25 17:45:25, 104.02, 47.40, 39.95
2025-01-25 17:50:25, 118.71, 47.94, 36.28
2025-01-25 17:55:25, 90.06, 46.05, 37.69
2025-01-25 18:10:25, 150.76, 48.02, 46.33
2025-01-25 18:15:24, 227.13, 42.57, 42.98
2025-01-25 18:20:24, 177.40, 41.47, 39.86
2025-01-25 18:25:24, 179.81, 45.45, 42.59
2025-01-25 18:35:25, 173.68, 38.44, 39.90
2025-01-25 18:40:24, 126.63, 49.44, 40.51
2025-01-25 18:45:24, 104.17, 37.89, 37.96
2025-01-25 18:50:25, 134.27, 42.64, 40.16
2025-01-25 18:55:25, 104.12, 47.72, 36.95
2025-01-25 19:10:24, 133.38, 50.68, 42.78
2025-01-25 19:15:24, 89.18, 48.74, 41.61
2025-01-25 19:20:25, 143.05, 45.60, 41.33
2025-01-25 19:25:25, 106.37, 47.76, 43.75
2025-01-25 19:40:25, 85.36, 48.84, 46.59
2025-01-25 19:45:24, 105.45, 38.19, 45.82
2025-01-25 19:50:24, 47.45, 44.35, 44.03
2025-01-25 19:55:24, 62.94, 52.16, 36.54
2025-01-25 20:10:24, 73.67, 48.41, 41.53
2025-01-25 20:15:24, 52.63, 41.08, 40.75
2025-01-25 20:20:24, 68.44, 47.07, 40.64
2025-01-25 20:25:24, 50.11, 41.26, 42.41
2025-01-25 20:40:24, 100.89, 46.09, 43.14
2025-01-25 20:45:25, 52.88, 42.43, 50.16
2025-01-25 20:50:24, 48.08, 46.22, 49.22
2025-01-25 20:55:24, 57.74, 46.07, 33.30
2025-01-25 21:10:25, 54.78, 43.51, 44.89
2025-01-25 21:15:25, 52.30, 38.16, 47.39
2025-01-25 21:20:25, 66.15, 46.49, 38.63
2025-01-25 21:25:24, 87.96, 48.04, 43.58
2025-01-25 21:40:25, 80.90, 48.09, 43.75
2025-01-25 21:45:25, 66.38, 45.21, 41.29
2025-01-25 21:50:25, 46.53, 43.61, 49.47
2025-01-25 21:55:25, 56.61, 42.11, 43.87
2025-01-25 22:10:25, 45.99, 41.73, 43.31
2025-01-25 22:15:25, 44.17, 36.93, 36.45
2025-01-25 22:20:25, 38.28, 42.45, 41.45
2025-01-25 22:25:25, 48.39, 43.51, 45.31
2025-01-25 22:40:25, 65.64, 47.48, 36.88
2025-01-25 22:45:26, 80.12, 47.92, 35.37
2025-01-25 22:50:25, 115.92, 24.46, 42.81
2025-01-25 22:55:25, 89.80, 41.76, 44.47
2025-01-25 23:10:25, 106.60, 49.57, 45.55
2025-01-25 23:15:25, 113.24, 40.90, 42.22
2025-01-25 23:20:25, 91.69, 46.44, 42.61
2025-01-25 23:25:25, 118.15, 45.72, 42.87
2025-01-25 23:40:25, 89.98, 46.62, 37.21
2025-01-25 23:45:25, 167.72, 53.20, 38.96
2025-01-25 23:50:25, 117.10, 43.66, 38.29
2025-01-25 23:55:24, 168.88, 58.46, 31.68
2025-01-26 00:10:26, 174.07, 56.41, 46.56
2025-01-26 00:15:26, 189.70, 56.65, 39.96
2025-01-26 00:20:25, 232.67, 62.84, 37.11
2025-01-26 00:25:26, 164.14, 57.73, 39.81
2025-01-26 00:40:25, 237.69, 63.53, 36.79
2025-01-26 00:45:25, 194.39, 40.52, 29.39
2025-01-26 00:50:25, 243.39, 52.23, 26.61
2025-01-26 00:55:25, 274.27, 61.07, 32.69
2025-01-26 01:10:26, 264.18, 63.47, 32.97
2025-01-26 01:15:25, 225.82, 62.80, 32.70
2025-01-26 01:20:25, 255.06, 60.80, 28.10
2025-01-26 01:25:25, 261.85, 69.00, 33.12
2025-01-26 01:40:26, 310.75, 65.42, 31.94
2025-01-26 01:45:26, 293.11, 71.90, 31.02
2025-01-26 01:50:25, 298.17, 42.09, 27.43
2025-01-26 01:55:25, 312.99, 71.91, 27.09
2025-01-26 02:10:26, 158.53, 71.09, 33.28
2025-01-26 02:15:25, 160.34, 43.53, 28.37
2025-01-26 02:20:26, 258.79, 72.03, 26.44
2025-01-26 02:25:25, 323.44, 67.41, 27.36
2025-01-26 02:40:25, 147.90, 45.14, 30.02
2025-01-26 02:45:25, 245.10, 44.91, 28.11
2025-01-26 02:50:24, 245.50, 47.62, 27.60
2025-01-26 02:55:25, 222.76, 46.90, 29.43
2025-01-26 03:10:25, 256.71, 44.12, 26.69
2025-01-26 03:15:24, 208.45, 48.30, 27.03
2025-01-26 03:20:24, 186.40, 76.12, 26.91
2025-01-26 03:25:25, 172.88, 46.96, 26.02
2025-01-26 03:40:26, 287.30, 46.37, 28.11
2025-01-26 03:45:24, 215.23, 48.08, 25.34
2025-01-26 03:50:25, 234.70, 46.74, 23.49
2025-01-26 03:55:25, 224.71, 47.93, 24.08
2025-01-26 04:10:24, 245.86, 46.96, 26.26
2025-01-26 04:15:25, 106.27, 47.19, 24.50
2025-01-26 04:20:25, 242.53, 46.37, 24.67
2025-01-26 04:25:24, 237.36, 48.86, 27.11
2025-01-26 04:40:25, 133.46, 78.17, 28.61
2025-01-26 04:45:24, 219.14, 51.04, 23.45
2025-01-26 04:50:24, 227.29, 46.62, 31.77
2025-01-26 04:55:25, 265.67, 47.58, 24.92
2025-01-26 05:10:24, 207.95, 77.73, 28.36
2025-01-26 05:15:25, 238.50, 46.55, 24.57
2025-01-26 05:20:28, 201.12, 82.46, 27.60
2025-01-26 05:25:24, 179.73, 47.15, 25.46
2025-01-26 05:40:24, 151.34, 45.81, 29.48
2025-01-26 05:45:25, 219.16, 47.62, 24.78
2025-01-26 05:50:25, 265.99, 74.07, 22.46
2025-01-26 05:55:24, 344.90, 73.06, 21.63
2025-01-26 06:10:24, 351.85, 47.85, 22.87
2025-01-26 06:15:24, 232.15, 49.49, 24.63
2025-01-26 06:20:24, 348.88, 49.17, 26.80
2025-01-26 06:25:24, 246.38, 47.76, 22.10
2025-01-26 06:40:25, 179.95, 47.45, 28.61
2025-01-26 06:45:24, 347.14, 65.20, 25.47
2025-01-26 06:50:24, 347.40, 74.79, 27.46
2025-01-26 06:55:24, 344.74, 70.84, 30.62
2025-01-26 07:10:24, 146.62, 51.13, 26.33
2025-01-26 07:15:24, 344.92, 48.20, 25.63
2025-01-26 07:20:25, 342.60, 47.28, 23.71
2025-01-26 07:25:25, 232.80, 49.84, 22.87
2025-01-26 07:40:24, 347.42, 47.60, 26.14
2025-01-26 07:45:24, 333.44, 47.01, 26.55
2025-01-26 07:50:25, 331.28, 45.91, 26.22
2025-01-26 07:55:24, 345.07, 70.01, 23.63
2025-01-26 08:10:24, 334.62, 44.85, 23.06
2025-01-26 08:15:25, 314.90, 45.57, 22.87
2025-01-26 08:20:24, 306.01, 45.45, 24.21
2025-01-26 08:25:25, 325.86, 47.14, 25.95
2025-01-26 08:40:25, 212.71, 65.89, 25.81
2025-01-26 08:45:25, 296.05, 62.28, 27.36
2025-01-26 08:50:26, 286.91, 69.41, 28.02
2025-01-26 08:55:24, 273.37, 67.07, 27.10
2025-01-26 09:10:24, 247.19, 63.46, 34.88
2025-01-26 09:15:24, 239.61, 52.07, 25.76
2025-01-26 09:20:25, 249.70, 61.74, 32.94
2025-01-26 09:25:24, 237.51, 65.03, 29.44
2025-01-26 09:40:24, 208.61, 56.33, 28.41
2025-01-26 09:45:24, 233.03, 54.87, 27.93
2025-01-26 09:50:24, 174.58, 58.66, 24.16
2025-01-26 09:55:24, 178.02, 57.05, 27.92
2025-01-26 10:10:24, 162.56, 58.72, 29.74
2025-01-26 10:15:25, 186.29, 53.06, 37.23
2025-01-26 10:20:24, 190.53, 57.21, 27.67
2025-01-26 10:25:24, 141.95, 53.91, 28.60
2025-01-26 10:40:25, 222.24, 57.05, 37.06
2025-01-26 10:45:24, 111.90, 53.91, 30.04
2025-01-26 10:50:24, 168.32, 56.23, 34.45
2025-01-26 10:55:25, 162.08, 56.26, 27.18
2025-01-26 11:10:25, 166.10, 57.39, 34.54
2025-01-26 11:15:25, 126.56, 53.48, 33.03
2025-01-26 11:20:26, 143.72, 54.92, 33.92
2025-01-26 11:25:25, 116.19, 52.57, 36.70
2025-01-26 11:40:25, 121.89, 52.62, 32.90
2025-01-26 11:45:26, 200.50, 52.17, 36.25
2025-01-26 11:50:26, 202.04, 51.18, 29.41
2025-01-26 11:55:26, 143.64, 54.74, 36.51
2025-01-26 12:10:26, 125.86, 54.80, 33.50
2025-01-26 12:15:25, 122.72, 56.13, 37.88
2025-01-26 12:20:26, 128.08, 54.30, 31.83
2025-01-26 12:25:26, 146.84, 57.47, 32.93
2025-01-26 12:40:26, 132.59, 56.80, 33.74
2025-01-26 12:45:25, 130.52, 56.13, 29.23
2025-01-26 12:50:26, 145.51, 55.44, 36.99
2025-01-26 12:55:25, 141.79, 46.19, 34.08
2025-01-26 13:10:25, 111.30, 44.29, 33.99
2025-01-26 13:15:26, 123.21, 53.47, 40.12
2025-01-26 13:20:26, 148.80, 51.87, 39.34
2025-01-26 13:25:26, 115.53, 46.89, 36.18
2025-01-26 13:40:26, 118.38, 49.64, 39.70
2025-01-26 13:45:26, 121.58, 34.72, 35.09
2025-01-26 13:50:26, 128.14, 49.99, 29.57
2025-01-26 13:55:26, 129.73, 52.60, 39.18
2025-01-26 14:10:26, 125.86, 45.31, 38.70
2025-01-26 14:15:26, 141.74, 50.90, 29.58
2025-01-26 14:20:26, 121.87, 52.62, 29.16
2025-01-26 14:25:25, 120.16, 55.96, 36.28
2025-01-26 14:35:25, 132.06, 53.19, 35.24
2025-01-26 14:40:26, 166.89, 51.68, 37.36
2025-01-26 14:45:25, 100.42, 53.95, 30.85
2025-01-26 14:50:25, 137.71, 51.39, 32.89
2025-01-26 14:55:24, 139.05, 50.96, 31.77
2025-01-26 15:10:25, 81.06, 54.36, 37.74
2025-01-26 15:15:24, 103.64, 51.34, 44.19
2025-01-26 15:20:25, 91.67, 28.14, 34.87
2025-01-26 15:25:24, 105.31, 32.73, 35.79
2025-01-26 15:40:24, 118.19, 47.61, 39.05
2025-01-26 15:45:25, 118.28, 47.35, 34.03
2025-01-26 15:50:25, 108.45, 47.31, 38.26
2025-01-26 15:55:26, 162.81, 45.72, 38.20
2025-01-26 16:10:25, 111.40, 47.48, 40.33
2025-01-26 16:15:24, 126.52, 52.64, 28.00
2025-01-26 16:20:25, 113.18, 30.75, 28.11
2025-01-26 16:25:25, 77.68, 25.11, 30.35
2025-01-26 16:40:24, 91.21, 22.15, 46.22
2025-01-26 16:45:26, 94.86, 40.49, 52.99
2025-01-26 16:50:25, 83.67, 40.78, 35.19
2025-01-26 16:55:25, 63.23, 31.32, 29.67
2025-01-26 17:10:25, 107.32, 34.13, 38.44
2025-01-26 17:15:24, 107.34, 34.61, 25.74
2025-01-26 17:20:25, 86.14, 37.60, 35.15
2025-01-26 17:25:24, 84.98, 40.45, 31.99
2025-01-26 17:35:24, 111.57, 33.30, 39.87
2025-01-26 17:40:25, 73.48, 34.16, 36.83
2025-01-26 18:10:25, 101.85, 31.63, 42.58
2025-01-26 18:15:25, 50.81, 27.12, 39.90
2025-01-26 18:20:25, 49.04, 31.37, 41.12
2025-01-26 18:25:25, 50.95, 29.00, 39.98
2025-01-26 18:40:25, 49.77, 29.25, 49.46
2025-01-26 18:45:25, 53.17, 30.62, 34.52
2025-01-26 18:50:26, 29.91, 26.98, 36.23
2025-01-26 18:55:25, 65.89, 26.32, 38.61
2025-01-26 19:10:25, 36.86, 39.76, 41.29
2025-01-26 19:15:25, 44.47, 36.32, 36.38
2025-01-26 19:20:24, 43.85, 35.26, 38.95
2025-01-26 19:25:25, 55.08, 40.21, 37.72
2025-01-26 19:40:25, 44.19, 42.26, 41.25
2025-01-26 19:45:25, 38.02, 40.24, 38.95
2025-01-26 19:50:25, 46.00, 37.31, 41.23
2025-01-26 19:55:25, 48.50, 37.12, 39.46
2025-01-26 20:10:26, 50.87, 36.03, 43.30
2025-01-26 20:15:25, 47.77, 38.21, 38.60
2025-01-26 20:20:25, 54.99, 39.36, 39.39
2025-01-26 20:25:25, 56.44, 43.62, 39.44
2025-01-26 20:40:25, 55.58, 22.13, 38.20
2025-01-26 20:45:25, 68.82, 38.09, 38.27
2025-01-26 20:50:26, 47.23, 31.09, 73.02
2025-01-26 20:55:25, 61.06, 36.32, 64.10
2025-01-26 21:10:26, 46.98, 37.09, 61.02
2025-01-26 21:15:26, 59.98, 32.93, 59.72
2025-01-26 21:20:26, 64.56, 36.77, 65.91
2025-01-26 21:25:25, 57.35, 34.95, 58.95
2025-01-26 21:40:26, 36.18, 34.60, 66.40
2025-01-26 21:45:26, 44.68, 32.33, 68.30
2025-01-26 21:50:25, 46.99, 37.45, 71.91
2025-01-26 21:55:26, 82.56, 36.29, 59.95
2025-01-26 22:10:25, 73.12, 30.79, 58.86
2025-01-26 22:15:26, 56.23, 36.96, 58.18
2025-01-26 22:20:26, 77.52, 39.43, 63.13
2025-01-26 22:25:25, 66.32, 36.76, 57.44
2025-01-26 22:40:26, 125.35, 44.80, 58.29
2025-01-26 22:45:25, 103.85, 37.40, 59.13
2025-01-26 22:50:27, 152.64, 49.15, 72.73
2025-01-26 22:55:26, 140.06, 45.69, 59.04
2025-01-26 23:05:25, 129.34, 44.29, 51.83
2025-01-26 23:10:25, 138.41, 44.28, 54.85
2025-01-26 23:15:25, 154.02, 45.86, 52.60
2025-01-26 23:20:25, 160.15, 44.92, 54.86
2025-01-26 23:25:25, 106.85, 48.14, 52.95
2025-01-26 23:35:25, 167.76, 46.25, 53.84
2025-01-26 23:40:25, 130.64, 41.15, 50.55
2025-01-26 23:45:25, 118.95, 54.41, 50.88
2025-01-26 23:50:25, 203.85, 51.49, 36.01
2025-01-26 23:55:24, 237.76, 58.80, 35.99
2025-01-27 00:10:24, 270.12, 58.29, 28.00
2025-01-27 00:15:24, 275.40, 57.39, 29.50
2025-01-27 00:20:24, 306.13, 58.70, 27.34
2025-01-27 00:25:25, 274.27, 61.52, 32.43
2025-01-27 00:40:26, 314.44, 63.80, 27.09
2025-01-27 00:45:25, 231.28, 43.53, 32.59
2025-01-27 00:50:24, 305.36, 63.89, 30.16
2025-01-27 00:55:24, 193.74, 51.74, 29.14
2025-01-27 01:10:24, 310.40, 68.95, 28.43
2025-01-27 01:15:24, 339.44, 44.77, 26.91
2025-01-27 01:20:26, 336.81, 73.52, 23.75
2025-01-27 01:25:23, 338.30, 66.78, 29.92
2025-01-27 01:40:24, 343.04, 45.84, 26.24
2025-01-27 01:45:25, 332.23, 47.41, 25.17
2025-01-27 01:50:23, 338.32, 70.26, 28.27
2025-01-27 01:55:25, 335.91, 72.70, 27.53
2025-01-27 02:10:24, 343.76, 45.59, 27.44
2025-01-27 02:15:24, 337.49, 47.56, 26.41
2025-01-27 02:20:25, 343.51, 70.65, 25.16
2025-01-27 02:25:24, 334.04, 73.73, 26.50
2025-01-27 02:40:25, 338.40, 47.38, 25.10
2025-01-27 02:45:23, 339.77, 50.53, 23.10
2025-01-27 02:50:25, 228.68, 67.62, 32.06
2025-01-27 02:55:24, 154.83, 48.18, 26.87
2025-01-27 03:10:25, 177.40, 46.51, 30.46
2025-01-27 03:15:23, 183.76, 45.68, 27.32
2025-01-27 03:20:24, 176.37, 76.21, 28.40
2025-01-27 03:25:24, 200.84, 74.90, 29.26
2025-01-27 03:40:25, 164.52, 46.89, 31.54
2025-01-27 03:45:25, 123.12, 47.54, 25.87
2025-01-27 03:50:24, 150.96, 48.98, 25.17
2025-01-27 03:55:24, 164.13, 45.88, 27.21
2025-01-27 04:10:24, 170.33, 48.62, 27.20
2025-01-27 04:15:25, 189.17, 65.29, 23.96
2025-01-27 04:20:24, 196.19, 74.06, 29.14
2025-01-27 04:25:24, 166.31, 47.45, 27.63
2025-01-27 04:40:23, 184.72, 46.04, 27.57
2025-01-27 04:45:24, 155.48, 47.63, 25.87
2025-01-27 04:50:24, 151.36, 70.15, 24.29
2025-01-27 04:55:24, 132.76, 46.63, 26.56
2025-01-27 05:10:25, 141.27, 77.32, 30.72
2025-01-27 05:15:24, 182.75, 48.26, 25.71
2025-01-27 05:20:24, 117.70, 48.97, 29.29
2025-01-27 05:25:23, 105.00, 65.82, 27.60
2025-01-27 05:40:23, 192.91, 75.10, 27.80
2025-01-27 05:45:24, 144.91, 47.89, 28.21
2025-01-27 05:50:25, 198.80, 44.36, 37.52
2025-01-27 05:55:25, 319.13, 64.30, 37.45
2025-01-27 06:10:25, 174.92, 71.03, 37.01
2025-01-27 06:15:25, 251.01, 72.19, 35.03
2025-01-27 06:20:25, 240.16, 66.28, 43.52
2025-01-27 06:25:24, 190.13, 70.14, 36.78
2025-01-27 06:40:25, 305.52, 62.63, 32.38
2025-01-27 06:45:25, 148.68, 68.58, 34.18
2025-01-27 06:50:25, 298.52, 67.92, 41.67
2025-01-27 06:55:25, 264.41, 65.28, 37.38
2025-01-27 07:10:25, 277.53, 65.54, 33.31
2025-01-27 07:15:24, 150.91, 66.00, 33.15
2025-01-27 07:20:25, 243.43, 67.56, 33.15
2025-01-27 07:25:25, 168.75, 56.70, 35.59
2025-01-27 07:40:25, 327.76, 63.88, 34.79
2025-01-27 07:45:25, 244.63, 60.59, 39.67
2025-01-27 07:50:25, 132.52, 60.91, 36.99
2025-01-27 07:55:24, 200.50, 65.35, 30.58
2025-01-27 08:10:25, 199.08, 60.46, 35.17
2025-01-27 08:15:25, 161.48, 64.54, 34.09
2025-01-27 08:20:24, 296.96, 63.07, 29.17
2025-01-27 08:25:25, 234.40, 61.59, 37.78
2025-01-27 08:40:24, 152.70, 60.63, 35.28
2025-01-27 08:45:25, 147.95, 65.66, 34.16
2025-01-27 08:50:26, 190.81, 61.79, 30.66
2025-01-27 08:55:23, 178.80, 63.41, 31.02
2025-01-27 09:10:24, 163.94, 59.69, 31.22
2025-01-27 09:15:24, 198.44, 60.72, 32.42
2025-01-27 09:20:24, 175.33, 61.37, 33.56
2025-01-27 09:25:24, 167.65, 63.27, 25.78
2025-01-27 09:40:23, 175.14, 66.84, 30.07
2025-01-27 09:45:24, 205.32, 64.71, 35.75
2025-01-27 09:50:25, 155.31, 63.74, 24.51
2025-01-27 09:55:24, 189.27, 59.79, 33.26
2025-01-27 10:10:24, 172.72, 49.30, 32.24
2025-01-27 10:15:24, 160.80, 58.73, 27.66
2025-01-27 10:20:25, 182.68, 43.69, 27.04
2025-01-27 10:25:25, 143.83, 57.84, 27.77
2025-01-27 10:35:25, 196.73, 52.33, 33.49
2025-01-27 10:40:24, 182.55, 53.19, 28.00
2025-01-27 10:45:24, 141.75, 51.85, 30.68
2025-01-27 10:50:25, 162.89, 25.27, 32.54
2025-01-27 10:55:23, 163.07, 60.32, 30.15
2025-01-27 11:10:24, 163.46, 57.08, 31.76
2025-01-27 11:15:24, 146.03, 54.05, 33.81
2025-01-27 11:20:24, 187.81, 58.74, 25.77
2025-01-27 11:25:25, 194.42, 56.93, 29.34
2025-01-27 11:40:24, 168.36, 57.49, 32.57
2025-01-27 11:45:24, 175.33, 62.62, 33.32
2025-01-27 11:50:24, 213.83, 57.08, 32.69
2025-01-27 11:55:25, 182.32, 62.73, 33.09
2025-01-27 12:10:24, 192.49, 58.42, 26.18
2025-01-27 12:15:26, 188.15, 61.03, 30.17
2025-01-27 12:20:26, 184.47, 60.20, 31.27
2025-01-27 12:25:25, 143.92, 49.49, 39.96
2025-01-27 12:40:25, 209.68, 43.83, 36.52
2025-01-27 12:45:24, 180.24, 44.90, 27.82
2025-01-27 12:50:25, 181.97, 48.19, 29.69
2025-01-27 12:55:25, 226.68, 44.01, 33.25
2025-01-27 13:10:25, 199.32, 43.05, 32.77
2025-01-27 13:15:25, 144.19, 40.23, 32.59
2025-01-27 13:20:25, 220.17, 40.43, 39.33
2025-01-27 13:25:25, 291.77, 37.92, 38.95
2025-01-27 13:40:25, 136.75, 34.96, 42.61
2025-01-27 13:45:25, 178.54, 38.32, 34.60
2025-01-27 13:50:24, 98.07, 37.57, 29.76
2025-01-27 13:55:25, 150.61, 37.37, 33.08
2025-01-27 14:10:25, 209.60, 51.47, 30.60
2025-01-27 14:15:26, 129.81, 47.36, 34.85
2025-01-27 14:20:25, 201.80, 49.76, 36.53
2025-01-27 14:25:25, 155.91, 30.24, 39.47
2025-01-27 14:40:26, 175.18, 33.28, 32.19
2025-01-27 14:45:26, 157.30, 42.34, 39.84
2025-01-27 14:50:26, 146.84, 51.06, 42.43
2025-01-27 14:55:26, 219.18, 54.86, 39.44
2025-01-27 15:10:26, 234.95, 46.97, 40.11
2025-01-27 15:15:26, 125.87, 49.99, 33.85
2025-01-27 15:20:25, 311.90, 53.17, 28.34
2025-01-27 15:25:25, 235.81, 54.33, 29.95
2025-01-27 15:40:26, 273.02, 51.98, 32.08
2025-01-27 15:45:25, 253.27, 54.35, 35.88
2025-01-27 15:50:26, 213.91, 55.98, 36.59
2025-01-27 15:55:25, 293.68, 58.60, 31.27
2025-01-27 16:10:25, 155.47, 48.69, 33.60
2025-01-27 16:15:26, 189.65, 45.92, 38.27
2025-01-27 16:20:26, 155.06, 50.71, 36.45
2025-01-27 16:25:25, 195.90, 50.31, 31.26
2025-01-27 16:40:27, 289.79, 37.17, 40.52
2025-01-27 16:45:25, 247.04, 49.70, 33.58
2025-01-27 16:50:26, 217.94, 48.67, 36.14
2025-01-27 16:55:26, 223.60, 49.74, 57.40
2025-01-27 17:10:26, 197.05, 52.01, 38.43
2025-01-27 17:15:26, 244.97, 46.71, 35.85
2025-01-27 17:20:25, 227.13, 47.87, 37.02
2025-01-27 17:25:26, 223.99, 47.57, 39.90
2025-01-27 17:40:26, 183.81, 42.02, 47.31
2025-01-27 17:45:25, 176.42, 41.64, 40.02
2025-01-27 17:50:25, 166.87, 43.16, 40.49
2025-01-27 17:55:25, 157.11, 42.46, 34.88
2025-01-27 18:10:27, 100.32, 40.63, 44.45
2025-01-27 18:15:27, 75.68, 34.23, 32.95
2025-01-27 18:20:26, 120.24, 36.31, 35.70
2025-01-27 18:25:25, 104.07, 44.55, 36.95
2025-01-27 18:40:26, 90.75, 35.06, 36.55
2025-01-27 18:45:25, 95.75, 37.64, 37.40
2025-01-27 18:50:26, 102.87, 38.78, 34.31
2025-01-27 18:55:26, 95.58, 37.95, 40.92
2025-01-27 19:10:25, 95.47, 34.89, 34.03
2025-01-27 19:15:26, 81.43, 43.17, 63.21
2025-01-27 19:20:24, 97.69, 38.60, 32.98
2025-01-27 19:25:25, 74.43, 35.29, 37.32
2025-01-27 19:40:25, 63.23, 35.30, 45.57
2025-01-27 19:45:26, 96.92, 36.50, 38.12
2025-01-27 19:50:26, 81.22, 37.72, 39.31
2025-01-27 19:55:25, 84.02, 35.26, 33.89
2025-01-27 20:10:27, 68.86, 32.94, 45.57
2025-01-27 20:15:25, 72.99, 41.29, 31.22
2025-01-27 20:20:25, 52.13, 34.50, 44.40
2025-01-27 20:25:25, 58.24, 40.45, 36.79
2025-01-27 20:40:25, 54.01, 46.02, 35.41
2025-01-27 20:45:26, 86.73, 34.26, 41.06
2025-01-27 20:50:24, 71.81, 42.56, 39.64
2025-01-27 20:55:25, 76.16, 39.26, 38.47
2025-01-27 21:10:25, 76.37, 31.21, 40.43
2025-01-27 21:15:24, 74.85, 32.91, 34.82
2025-01-27 21:20:24, 74.32, 35.62, 40.78
2025-01-27 21:25:25, 80.16, 39.61, 37.99
2025-01-27 21:40:24, 103.54, 37.98, 40.25
2025-01-27 21:45:25, 69.71, 35.51, 53.58
2025-01-27 21:50:24, 88.57, 38.94, 38.15
2025-01-27 21:55:24, 73.04, 42.95, 32.59
2025-01-27 22:10:24, 104.54, 39.72, 39.74
2025-01-27 22:15:24, 98.65, 48.06, 35.67
2025-01-27 22:20:24, 89.83, 44.19, 40.09
2025-01-27 22:25:25, 92.27, 32.02, 38.40
2025-01-27 22:40:24, 108.12, 49.39, 39.93
2025-01-27 22:45:24, 114.89, 49.30, 35.33
2025-01-27 22:50:25, 119.98, 54.14, 32.29
2025-01-27 22:55:24, 89.97, 48.42, 33.00
2025-01-27 23:10:25, 174.84, 50.53, 36.07
2025-01-27 23:15:24, 160.37, 37.20, 30.90
2025-01-27 23:20:23, 107.77, 54.44, 29.84
2025-01-27 23:25:24, 175.86, 57.05, 27.55
2025-01-27 23:40:24, 127.56, 49.82, 30.77
2025-01-27 23:45:24, 134.46, 54.91, 36.09
2025-01-27 23:50:24, 310.59, 44.35, 34.09
2025-01-27 23:55:24, 277.27, 58.93, 38.50
2025-01-28 00:10:24, 335.24, 63.11, 27.11
2025-01-28 00:15:24, 333.52, 63.41, 24.37
2025-01-28 00:20:23, 343.73, 63.58, 25.51
2025-01-28 00:25:24, 330.67, 68.14, 26.70
2025-01-28 00:40:24, 280.30, 47.35, 31.42
2025-01-28 00:45:24, 325.78, 45.03, 25.17
2025-01-28 00:50:24, 326.35, 47.06, 31.09
2025-01-28 00:55:25, 313.38, 44.86, 37.73
2025-01-28 01:10:24, 332.53, 67.08, 29.62
2025-01-28 01:15:24, 326.03, 65.79, 25.64
2025-01-28 01:20:24, 327.33, 61.02, 30.17
2025-01-28 01:25:24, 324.75, 63.28, 26.50
2025-01-28 01:40:24, 313.69, 64.48, 28.64
2025-01-28 01:45:23, 341.32, 70.06, 22.16
2025-01-28 01:50:24, 332.67, 66.80, 28.07
2025-01-28 01:55:24, 240.36, 45.58, 26.71
2025-01-28 02:10:23, 317.06, 43.73, 23.07
2025-01-28 02:15:24, 344.00, 44.56, 24.14
2025-01-28 02:20:24, 317.67, 74.12, 25.27
2025-01-28 02:25:24, 329.19, 42.72, 26.15
2025-01-28 02:40:24, 328.37, 69.57, 22.13
2025-01-28 02:45:24, 331.97, 44.20, 26.13
2025-01-28 02:50:24, 326.04, 67.70, 23.30
2025-01-28 02:55:23, 333.71, 70.97, 28.36
2025-01-28 03:10:24, 346.89, 46.49, 23.27
2025-01-28 03:15:23, 176.38, 75.58, 24.71
2025-01-28 03:20:23, 344.18, 76.94, 26.80
2025-01-28 03:25:23, 347.47, 46.73, 22.40
2025-01-28 03:40:23, 347.72, 49.29, 23.89
2025-01-28 03:45:23, 344.36, 73.55, 22.48
2025-01-28 03:50:23, 135.46, 46.79, 22.95
2025-01-28 03:55:23, 345.26, 47.99, 24.20
2025-01-28 04:10:24, 199.36, 47.66, 25.20
2025-01-28 04:15:24, 342.66, 49.01, 26.14
2025-01-28 04:20:23, 340.36, 48.56, 23.61
2025-01-28 04:25:23, 345.53, 46.35, 24.62
2025-01-28 04:40:23, 344.51, 48.76, 21.08
2025-01-28 04:45:23, 347.33, 45.67, 21.45
2025-01-28 04:50:23, 343.99, 49.00, 25.97
2025-01-28 04:55:23, 346.81, 45.58, 25.57
2025-01-28 05:10:24, 339.89, 47.02, 23.17
2025-01-28 05:15:23, 342.02, 75.66, 25.98
2025-01-28 05:20:23, 343.62, 47.92, 26.83
2025-01-28 05:25:23, 339.46, 76.58, 24.56
2025-01-28 05:40:24, 167.29, 47.46, 24.88
2025-01-28 05:45:24, 340.23, 46.88, 24.28
2025-01-28 05:50:26, 344.23, 47.54, 26.91
2025-01-28 05:55:25, 342.73, 46.50, 25.97
2025-01-28 06:10:25, 330.86, 70.28, 24.98
2025-01-28 06:15:24, 340.12, 71.49, 28.23
2025-01-28 06:20:25, 331.23, 66.50, 34.33
2025-01-28 06:25:24, 336.33, 72.04, 23.65
2025-01-28 06:40:25, 336.92, 63.30, 25.27
2025-01-28 06:45:25, 327.52, 61.68, 26.01
2025-01-28 06:55:25, 328.72, 59.29, 23.50
2025-01-28 07:10:26, 326.90, 61.19, 27.44
2025-01-28 07:15:25, 319.60, 43.47, 27.56
2025-01-28 07:20:25, 310.18, 59.65, 27.54
2025-01-28 07:25:24, 316.99, 61.16, 26.39
2025-01-28 07:40:25, 295.10, 61.35, 25.22
2025-01-28 07:45:24, 321.19, 44.99, 23.62
2025-01-28 07:50:25, 302.15, 63.60, 23.85
2025-01-28 07:55:24, 316.03, 64.19, 24.98
2025-01-28 08:10:24, 274.55, 62.42, 26.05
2025-01-28 08:15:25, 271.40, 63.51, 26.75
2025-01-28 08:20:25, 294.38, 64.51, 24.64
2025-01-28 08:25:24, 297.33, 65.94, 23.58
2025-01-28 08:40:24, 299.05, 60.49, 23.48
2025-01-28 08:45:25, 298.62, 57.99, 23.48
2025-01-28 08:50:25, 285.00, 60.99, 26.84
2025-01-28 08:55:25, 169.62, 60.61, 33.22
2025-01-28 09:10:25, 285.27, 57.66, 29.17
2025-01-28 09:15:25, 237.37, 58.26, 29.69
2025-01-28 09:20:27, 299.53, 56.56, 33.21
2025-01-28 09:25:25, 264.16, 57.17, 29.68
2025-01-28 09:40:26, 286.13, 60.11, 31.69
2025-01-28 09:45:25, 269.15, 60.06, 24.71
2025-01-28 09:50:24, 294.02, 61.37, 28.19
2025-01-28 09:55:25, 299.16, 60.38, 26.17
2025-01-28 10:10:25, 282.61, 57.22, 31.84
2025-01-28 10:15:25, 261.16, 52.93, 36.44
2025-01-28 10:20:25, 267.49, 58.12, 32.96
2025-01-28 10:25:25, 274.69, 56.32, 30.60
2025-01-28 10:40:24, 281.33, 61.13, 23.41
2025-01-28 10:45:25, 294.61, 62.56, 25.26
2025-01-28 10:50:25, 285.84, 62.05, 27.18
2025-01-28 10:55:24, 274.99, 51.90, 24.08
2025-01-28 11:10:25, 293.39, 60.59, 26.15
2025-01-28 11:15:25, 282.13, 59.51, 28.27
2025-01-28 11:20:24, 282.44, 58.01, 26.51
2025-01-28 11:25:25, 286.35, 60.04, 27.02
2025-01-28 11:40:24, 260.05, 56.26, 29.27
2025-01-28 11:45:25, 248.25, 52.12, 28.00
2025-01-28 11:50:25, 235.91, 52.44, 29.42
2025-01-28 11:55:24, 260.95, 40.42, 28.50
2025-01-28 12:10:24, 266.13, 49.82, 29.84
2025-01-28 12:15:25, 270.85, 53.84, 28.83
2025-01-28 12:20:24, 287.20, 53.45, 29.50
2025-01-28 12:25:25, 270.39, 51.50, 29.34
2025-01-28 12:40:25, 272.79, 60.21, 29.50
2025-01-28 12:45:25, 276.86, 57.30, 30.77
2025-01-28 12:50:24, 258.75, 61.25, 27.42
2025-01-28 12:55:24, 284.27, 58.81, 29.50
2025-01-28 13:10:24, 180.53, 44.92, 27.60
2025-01-28 13:15:24, 234.29, 57.52, 27.07
2025-01-28 13:20:24, 265.16, 54.61, 28.01
2025-01-28 13:25:25, 236.15, 54.72, 27.09
2025-01-28 13:40:24, 247.03, 48.45, 32.13
2025-01-28 13:45:25, 210.81, 51.73, 29.11
2025-01-28 13:50:25, 130.56, 57.86, 33.11
2025-01-28 13:55:25, 196.19, 59.09, 24.75
2025-01-28 14:10:25, 220.10, 2.71, 29.56
2025-01-28 14:15:25, 190.79, 52.29, 32.50
2025-01-28 14:20:25, 230.22, 51.41, 27.00
2025-01-28 14:25:24, 205.19, 57.16, 34.70
2025-01-28 14:40:24, 193.92, 61.09, 28.37
2025-01-28 14:45:25, 203.90, 48.51, 30.61
2025-01-28 14:50:24, 90.41, 40.69, 38.50
2025-01-28 14:55:29, 149.86, 46.72, 33.65
2025-01-28 15:10:25, 143.71, 52.83, 35.04
2025-01-28 15:15:24, 94.67, 50.74, 31.14
2025-01-28 15:20:26, 178.14, 53.91, 31.16
2025-01-28 15:25:24, 189.39, 56.34, 30.11
2025-01-28 15:40:25, 188.49, 55.05, 35.38
2025-01-28 15:45:25, 173.76, 43.81, 38.98
2025-01-28 15:50:24, 110.69, 54.94, 29.86
2025-01-28 15:55:25, 210.26, 53.37, 29.37
2025-01-28 16:10:25, 159.92, 49.07, 26.40
2025-01-28 16:15:24, 176.27, 50.55, 37.08
2025-01-28 16:20:26, 152.04, 23.86, 38.99
2025-01-28 16:25:24, 181.59, 53.64, 23.69
2025-01-28 16:40:28, 199.30, 52.97, 31.81
2025-01-28 16:45:24, 131.34, 54.13, 33.74
2025-01-28 16:50:24, 291.55, 42.91, 32.96
2025-01-28 16:55:24, 314.49, 48.43, 30.15
2025-01-28 17:10:25, 219.14, 54.51, 36.58
2025-01-28 17:15:25, 130.87, 54.40, 30.45
2025-01-28 17:20:24, 246.48, 54.77, 31.75
2025-01-28 17:25:24, 155.94, 51.21, 29.81
2025-01-28 17:40:24, 118.03, 47.20, 28.16
2025-01-28 17:45:25, 138.27, 27.53, 32.40
2025-01-28 17:50:24, 205.78, 46.02, 31.87
2025-01-28 17:55:24, 130.65, 43.63, 35.30
2025-01-28 18:10:25, 136.08, 43.58, 39.97
2025-01-28 18:15:24, 130.29, 42.73, 35.68
2025-01-28 18:20:24, 113.53, 40.47, 36.80
2025-01-28 18:25:25, 90.82, 38.21, 33.26
2025-01-28 18:40:25, 90.59, 41.26, 29.03
2025-01-28 18:45:24, 103.32, 41.39, 36.04
2025-01-28 18:50:24, 77.74, 37.21, 39.34
2025-01-28 18:55:24, 109.62, 35.89, 38.65
2025-01-28 19:10:24, 91.35, 38.03, 32.35
2025-01-28 19:15:24, 104.86, 37.91, 32.36
2025-01-28 19:20:24, 94.66, 43.44, 39.90
2025-01-28 19:25:24, 101.65, 39.82, 40.15
2025-01-28 19:40:24, 76.38, 34.36, 37.03
2025-01-28 19:45:25, 53.31, 22.89, 40.94
2025-01-28 19:50:24, 51.64, 37.73, 41.39
2025-01-28 19:55:25, 65.16, 39.50, 34.18
2025-01-28 20:10:25, 65.88, 42.36, 31.76
2025-01-28 20:15:25, 67.99, 41.53, 39.42
2025-01-28 20:20:26, 75.06, 41.57, 36.21
2025-01-28 20:25:24, 54.86, 42.10, 37.48
2025-01-28 20:35:24, 58.46, 39.55, 39.44
2025-01-28 20:40:25, 51.40, 38.31, 38.52
2025-01-28 20:45:24, 60.21, 35.49, 33.44
2025-01-28 20:50:26, 45.16, 35.22, 56.83
2025-01-28 20:55:26, 59.27, 35.42, 52.22
2025-01-28 21:10:26, 61.73, 40.85, 50.80
2025-01-28 21:15:25, 87.59, 42.59, 47.24
2025-01-28 21:20:26, 85.38, 35.71, 47.75
2025-01-28 21:25:26, 74.54, 38.95, 46.05
2025-01-28 21:40:26, 66.87, 35.90, 46.98
2025-01-28 21:45:26, 52.74, 38.36, 56.44
2025-01-28 21:50:26, 51.82, 24.52, 53.77
2025-01-28 21:55:25, 83.02, 40.48, 40.27
2025-01-28 22:10:26, 69.67, 39.53, 51.68
2025-01-28 22:15:26, 99.87, 40.89, 42.35
2025-01-28 22:20:25, 97.14, 41.91, 48.88
2025-01-28 22:25:26, 140.85, 43.28, 46.54
2025-01-28 22:40:25, 198.25, 47.34, 47.22
2025-01-28 22:45:26, 183.85, 46.98, 43.78
2025-01-28 22:50:26, 103.73, 45.30, 49.89
2025-01-28 22:55:25, 139.03, 47.44, 46.21
2025-01-28 23:10:26, 204.48, 50.02, 43.69
2025-01-28 23:15:25, 247.60, 46.89, 44.05
2025-01-28 23:20:25, 247.46, 43.91, 45.70
2025-01-28 23:25:26, 254.70, 47.63, 42.03
2025-01-28 23:40:26, 298.25, 54.44, 37.10
2025-01-28 23:45:25, 278.26, 58.86, 38.54
2025-01-28 23:50:24, 90.35, 60.03, 34.98
2025-01-28 23:55:25, 256.13, 53.87, 31.67
2025-01-29 00:10:25, 189.62, 48.93, 31.65
2025-01-29 00:15:24, 173.05, 56.79, 28.03
2025-01-29 00:20:24, 137.02, 54.90, 29.34
2025-01-29 00:25:25, 85.28, 61.07, 30.41
2025-01-29 00:40:24, 232.76, 69.50, 27.31
2025-01-29 00:45:24, 184.57, 60.28, 29.91
2025-01-29 00:50:25, 201.75, 68.03, 31.15
2025-01-29 00:55:29, 226.73, 68.32, 25.20
2025-01-29 01:10:24, 151.23, 67.32, 25.90
2025-01-29 01:15:24, 147.60, 71.09, 24.94
2025-01-29 01:20:25, 179.98, 45.91, 28.54
2025-01-29 01:25:24, 183.53, 69.82, 28.41
2025-01-29 01:40:25, 192.23, 46.91, 27.46
2025-01-29 01:45:25, 220.08, 71.54, 27.26
2025-01-29 01:50:26, 215.16, 70.66, 28.30
2025-01-29 01:55:25, 164.45, 71.17, 25.55
2025-01-29 02:10:24, 199.12, 48.04, 23.50
2025-01-29 02:15:24, 209.59, 45.44, 23.24
2025-01-29 02:20:26, 189.70, 72.58, 25.31
2025-01-29 02:25:24, 152.56, 72.47, 26.93
2025-01-29 02:40:24, 196.56, 58.80, 33.54
2025-01-29 02:45:25, 203.61, 54.86, 28.32
2025-01-29 02:50:25, 344.26, 47.66, 26.89
2025-01-29 02:55:25, 343.06, 70.31, 26.48
2025-01-29 03:10:24, 344.97, 74.40, 27.05
2025-01-29 03:15:24, 348.93, 47.68, 27.38
2025-01-29 03:20:25, 341.01, 70.07, 27.14
2025-01-29 03:25:26, 344.57, 74.96, 25.49
2025-01-29 03:40:24, 347.63, 47.47, 26.05
2025-01-29 03:45:25, 354.47, 45.78, 25.56
2025-01-29 03:50:24, 346.14, 45.84, 23.20
2025-01-29 03:55:25, 344.07, 46.15, 27.53
2025-01-29 04:10:24, 351.75, 75.79, 23.21
2025-01-29 04:15:24, 352.64, 74.74, 25.75
2025-01-29 04:20:24, 349.17, 46.52, 24.41
2025-01-29 04:25:25, 345.42, 43.72, 22.88
2025-01-29 04:40:25, 349.20, 48.30, 27.21
2025-01-29 04:45:25, 354.10, 74.79, 25.85
2025-01-29 04:50:25, 345.17, 74.52, 23.30
2025-01-29 04:55:24, 351.80, 46.62, 24.48
2025-01-29 05:10:24, 354.64, 48.17, 23.21
2025-01-29 05:15:24, 350.64, 74.59, 25.05
2025-01-29 05:20:25, 349.10, 46.58, 25.48
2025-01-29 05:25:25, 351.43, 49.04, 22.30
2025-01-29 05:40:25, 339.05, 47.41, 28.72
2025-01-29 05:45:25, 340.63, 47.55, 24.30
2025-01-29 05:50:24, 195.38, 46.99, 29.26
2025-01-29 05:55:24, 158.69, 70.64, 46.52
2025-01-29 06:10:23, 189.93, 70.30, 30.73
2025-01-29 06:15:24, 190.63, 46.83, 26.18
2025-01-29 06:20:24, 169.87, 71.94, 31.26
2025-01-29 06:25:24, 117.41, 63.05, 33.60
2025-01-29 06:40:25, 193.66, 64.89, 37.24
2025-01-29 06:45:24, 267.20, 65.75, 38.32
2025-01-29 06:50:24, 171.84, 62.33, 35.68
2025-01-29 06:55:34, 208.35, 66.79, 35.79
2025-01-29 07:10:24, 171.89, 66.41, 35.19
2025-01-29 07:15:24, 180.47, 62.36, 27.59
2025-01-29 07:20:24, 167.49, 49.36, 36.59
2025-01-29 07:25:24, 208.23, 60.22, 29.77
2025-01-29 07:40:24, 177.63, 59.58, 31.60
2025-01-29 07:45:24, 141.03, 64.31, 37.41
2025-01-29 07:50:24, 195.34, 64.75, 31.83
2025-01-29 07:55:24, 157.39, 68.73, 34.57
2025-01-29 08:10:24, 139.70, 63.56, 31.83
2025-01-29 08:15:24, 207.73, 66.76, 29.62
2025-01-29 08:20:24, 138.52, 61.91, 31.41
2025-01-29 08:25:25, 173.50, 63.17, 34.68
2025-01-29 08:40:24, 346.59, 55.73, 40.19
2025-01-29 08:45:24, 171.11, 58.92, 36.94
2025-01-29 08:50:24, 151.25, 57.24, 35.78
2025-01-29 08:55:24, 184.36, 55.26, 34.19
2025-01-29 09:10:24, 334.95, 62.75, 30.03
2025-01-29 09:15:24, 180.69, 59.04, 24.65
2025-01-29 09:20:24, 215.63, 59.43, 26.68
2025-01-29 09:25:24, 334.70, 62.00, 28.55
2025-01-29 09:40:24, 333.92, 63.26, 29.79
2025-01-29 09:45:25, 292.37, 54.31, 29.80
2025-01-29 09:50:24, 293.31, 58.71, 28.80
2025-01-29 09:55:24, 286.33, 57.13, 26.54
2025-01-29 10:10:24, 209.11, 61.44, 27.04
2025-01-29 10:15:24, 247.45, 60.73, 27.83
2025-01-29 10:20:25, 178.33, 56.50, 31.30
2025-01-29 10:25:24, 249.01, 53.57, 33.48
2025-01-29 10:40:24, 292.71, 48.72, 23.04
2025-01-29 10:45:25, 163.71, 55.20, 27.62
2025-01-29 10:50:24, 289.91, 59.20, 34.09
2025-01-29 10:55:25, 295.62, 53.44, 29.31
2025-01-29 11:10:25, 233.59, 46.02, 28.47
2025-01-29 11:15:24, 298.71, 48.06, 24.31
2025-01-29 11:20:25, 137.60, 43.23, 26.61
2025-01-29 11:25:24, 278.32, 42.55, 33.13
2025-01-29 11:40:25, 251.50, 42.09, 31.53
2025-01-29 11:45:25, 171.46, 46.47, 34.47
2025-01-29 11:50:24, 216.96, 46.34, 32.04
2025-01-29 11:55:24, 145.15, 44.79, 33.79
2025-01-29 12:10:25, 133.89, 42.48, 37.40
2025-01-29 12:15:53, 174.09, 40.57, 33.70
2025-01-29 12:20:24, 171.19, 45.19, 30.23
2025-01-29 12:25:24, 175.43, 39.05, 36.54
2025-01-29 12:40:25, 169.94, 50.03, 37.85
2025-01-29 12:45:23, 167.32, 49.28, 29.13
2025-01-29 12:50:23, 179.91, 48.66, 29.93
2025-01-29 12:55:24, 168.54, 48.78, 30.21
2025-01-29 13:10:24, 149.38, 36.86, 37.56
2025-01-29 13:15:24, 166.39, 37.58, 32.09
2025-01-29 13:20:24, 154.73, 40.01, 31.66
2025-01-29 13:25:24, 179.51, 40.10, 34.36
2025-01-29 13:40:24, 117.68, 52.62, 36.32
2025-01-29 13:45:24, 107.75, 50.45, 31.82
2025-01-29 13:50:24, 145.27, 52.82, 34.19
2025-01-29 13:55:24, 193.75, 53.89, 30.81
2025-01-29 14:10:25, 155.33, 48.46, 34.45
2025-01-29 14:15:24, 162.89, 41.07, 30.47
2025-01-29 14:20:24, 229.58, 51.15, 29.16
2025-01-29 14:25:25, 234.48, 45.02, 35.58
2025-01-29 14:40:24, 147.82, 52.27, 33.04
2025-01-29 14:45:24, 178.10, 48.90, 33.51
2025-01-29 14:50:23, 144.63, 47.18, 29.62
2025-01-29 14:55:26, 227.41, 47.49, 30.33
2025-01-29 15:10:24, 249.18, 37.60, 37.10
2025-01-29 15:15:26, 215.50, 36.29, 34.83
2025-01-29 15:20:25, 211.52, 38.10, 36.92
2025-01-29 15:25:25, 195.87, 52.83, 29.98
2025-01-29 15:40:25, 213.85, 49.24, 27.41
2025-01-29 15:45:25, 197.16, 48.60, 28.07
2025-01-29 15:50:25, 183.32, 50.94, 40.53
2025-01-29 15:55:25, 199.39, 45.13, 28.98
2025-01-29 16:10:25, 181.63, 29.34, 33.14
2025-01-29 16:15:25, 191.82, 49.66, 34.23
2025-01-29 16:20:25, 101.96, 44.29, 33.77
2025-01-29 16:25:25, 180.96, 45.10, 39.51
2025-01-29 16:40:25, 161.10, 46.96, 33.80
2025-01-29 16:45:26, 180.20, 50.99, 27.61
2025-01-29 16:50:25, 166.16, 50.27, 37.88
2025-01-29 16:55:25, 174.85, 48.67, 32.83
2025-01-29 17:10:25, 198.49, 49.37, 37.51
2025-01-29 17:15:26, 157.56, 49.89, 39.35
2025-01-29 17:20:25, 170.30, 51.68, 36.59
2025-01-29 17:25:25, 145.59, 50.23, 26.98
2025-01-29 17:40:25, 182.73, 48.72, 31.99
2025-01-29 17:45:25, 119.53, 45.03, 39.58
2025-01-29 17:50:25, 166.22, 46.52, 31.58
2025-01-29 17:55:26, 142.24, 43.92, 58.31
2025-01-29 18:10:26, 160.16, 46.59, 41.21
2025-01-29 18:15:26, 106.05, 44.81, 45.26
2025-01-29 18:20:26, 111.62, 44.53, 47.91
2025-01-29 18:25:25, 107.99, 47.17, 57.25
2025-01-29 18:40:26, 110.18, 39.02, 42.26
2025-01-29 18:45:26, 131.78, 45.01, 44.05
2025-01-29 18:50:26, 82.45, 39.81, 45.00
2025-01-29 18:55:26, 87.13, 40.31, 67.78
2025-01-29 19:10:26, 127.58, 42.84, 51.76
2025-01-29 19:15:26, 101.98, 30.62, 40.78
2025-01-29 19:20:26, 49.86, 29.82, 50.82
2025-01-29 19:25:26, 55.84, 29.73, 51.76
2025-01-29 19:40:26, 70.27, 41.41, 44.06
2025-01-29 19:45:26, 61.98, 32.63, 55.89
2025-01-29 19:50:26, 82.40, 22.15, 46.89
2025-01-29 19:55:26, 61.66, 31.35, 55.30
2025-01-29 20:10:27, 39.33, 35.33, 62.02
2025-01-29 20:15:26, 43.45, 20.10, 58.55
2025-01-29 20:20:26, 48.25, 24.14, 52.31
2025-01-29 20:25:26, 36.69, 25.97, 52.97
2025-01-29 20:40:27, 40.74, 19.59, 53.14
2025-01-29 20:45:26, 41.01, 31.27, 61.14
2025-01-29 20:50:26, 44.44, 26.93, 63.00
2025-01-29 20:55:26, 37.59, 36.88, 69.82
2025-01-29 21:10:26, 39.61, 39.33, 53.47
2025-01-29 21:15:26, 55.14, 38.36, 60.76
2025-01-29 21:20:26, 38.49, 39.43, 56.90
2025-01-29 21:25:26, 47.27, 39.53, 57.19
2025-01-29 21:40:26, 62.60, 35.53, 42.80
2025-01-29 21:45:25, 64.58, 45.62, 54.21
2025-01-29 21:50:27, 42.12, 41.53, 77.86
2025-01-29 21:55:27, 42.80, 38.24, 82.85
2025-01-29 22:10:26, 83.87, 38.10, 50.31
2025-01-29 22:15:26, 51.22, 44.74, 59.22
2025-01-29 22:20:26, 65.22, 43.32, 56.56
2025-01-29 22:25:26, 61.50, 38.22, 49.46
2025-01-29 22:40:26, 76.99, 45.80, 57.65
2025-01-29 22:45:26, 79.17, 46.01, 41.27
2025-01-29 22:50:26, 99.45, 50.84, 41.88
2025-01-29 22:55:25, 102.74, 52.37, 41.72
2025-01-29 23:10:25, 127.91, 51.87, 48.76
2025-01-29 23:15:26, 189.88, 47.16, 50.55
2025-01-29 23:20:25, 226.92, 50.43, 43.48
2025-01-29 23:25:25, 170.02, 51.19, 35.79
2025-01-29 23:35:26, 280.12, 52.61, 60.29
2025-01-29 23:40:25, 173.71, 51.98, 39.87
2025-01-29 23:45:25, 165.67, 57.36, 38.11
2025-01-29 23:50:26, 243.40, 30.94, 44.81
2025-01-29 23:55:25, 281.94, 41.59, 39.22
2025-01-30 00:10:24, 338.93, 59.38, 33.70
2025-01-30 00:15:24, 310.74, 63.71, 29.62
2025-01-30 00:20:24, 176.75, 63.04, 32.88
2025-01-30 00:25:24, 355.09, 59.53, 33.89
2025-01-30 00:40:24, 198.46, 45.56, 28.22
2025-01-30 00:45:24, 205.98, 47.72, 35.19
2025-01-30 00:50:24, 170.83, 47.84, 29.30
2025-01-30 00:55:24, 286.29, 69.48, 36.60
2025-01-30 01:10:25, 327.96, 44.50, 41.89
2025-01-30 01:15:24, 120.01, 46.81, 39.04
2025-01-30 01:20:23, 349.73, 44.52, 37.90
2025-01-30 01:25:24, 183.57, 67.98, 30.46
2025-01-30 01:40:24, 212.08, 43.51, 37.28
2025-01-30 01:45:24, 201.30, 74.17, 32.56
2025-01-30 01:50:25, 209.92, 70.32, 30.67
2025-01-30 01:55:24, 221.56, 45.39, 31.52
2025-01-30 02:10:24, 241.82, 74.19, 37.84
2025-01-30 02:15:24, 245.24, 73.61, 31.06
2025-01-30 02:20:25, 193.64, 74.28, 31.71
2025-01-30 02:25:24, 177.91, 75.45, 30.50
2025-01-30 02:40:24, 166.93, 48.26, 30.80
2025-01-30 02:45:24, 201.85, 69.37, 28.37
2025-01-30 02:50:24, 148.69, 75.16, 28.37
2025-01-30 02:55:24, 338.26, 74.35, 33.60
2025-01-30 03:10:23, 328.25, 74.40, 32.56
2025-01-30 03:15:23, 340.26, 76.44, 32.22
2025-01-30 03:20:24, 159.06, 44.67, 33.24
2025-01-30 03:25:23, 345.53, 46.82, 28.70
2025-01-30 03:40:23, 349.47, 74.74, 29.44
2025-01-30 03:45:24, 324.82, 70.26, 32.95
2025-01-30 03:50:24, 167.01, 71.57, 31.57
2025-01-30 03:55:23, 345.08, 73.80, 28.55
2025-01-30 04:10:23, 348.77, 74.33, 27.88
2025-01-30 04:15:23, 352.06, 75.29, 29.04
2025-01-30 04:20:23, 350.36, 45.65, 30.55
2025-01-30 04:25:24, 347.80, 71.66, 32.15
2025-01-30 04:40:24, 343.06, 74.47, 32.20
2025-01-30 04:45:23, 173.76, 74.60, 30.57
2025-01-30 04:50:23, 352.00, 75.93, 31.21
2025-01-30 04:55:23, 342.08, 75.42, 30.22
2025-01-30 05:10:23, 344.48, 74.42, 30.80
2025-01-30 05:15:23, 340.21, 74.12, 31.38
2025-01-30 05:20:24, 166.56, 46.11, 31.32
2025-01-30 05:25:23, 338.11, 73.07, 31.22
2025-01-30 05:40:24, 186.26, 75.65, 34.84
2025-01-30 05:45:23, 341.29, 45.42, 29.05
2025-01-30 05:50:24, 185.30, 72.58, 31.57
2025-01-30 05:55:23, 166.84, 70.40, 30.90
2025-01-30 06:10:24, 223.78, 68.15, 34.85
2025-01-30 06:15:24, 164.24, 69.10, 35.08
2025-01-30 06:20:24, 180.79, 47.03, 34.16
2025-01-30 06:25:24, 160.74, 66.34, 29.68
2025-01-30 06:40:25, 260.97, 66.24, 38.94
2025-01-30 06:45:24, 175.18, 61.91, 34.50
2025-01-30 06:50:24, 232.46, 62.10, 37.18
2025-01-30 06:55:24, 201.74, 66.97, 34.67
2025-01-30 07:10:24, 269.70, 61.73, 42.75
2025-01-30 07:15:25, 288.60, 61.70, 38.34
2025-01-30 07:20:24, 232.09, 57.49, 34.49
2025-01-30 07:25:25, 226.68, 62.65, 39.41
2025-01-30 07:40:25, 192.43, 64.18, 36.06
2025-01-30 07:45:24, 165.99, 64.67, 36.68
2025-01-30 07:50:24, 336.32, 61.20, 38.25
2025-01-30 07:55:24, 192.94, 56.11, 33.82
2025-01-30 08:10:25, 194.95, 59.63, 32.09
2025-01-30 08:15:24, 177.04, 57.28, 34.66
2025-01-30 08:20:24, 159.86, 57.75, 38.62
2025-01-30 08:25:25, 268.21, 59.22, 36.84
2025-01-30 08:40:24, 354.17, 56.11, 36.10
2025-01-30 08:45:24, 178.77, 57.34, 31.41
2025-01-30 08:50:25, 202.28, 59.01, 36.00
2025-01-30 08:55:25, 179.47, 59.85, 32.65
2025-01-30 09:10:25, 330.13, 59.34, 37.83
2025-01-30 09:15:24, 204.28, 55.79, 33.77
2025-01-30 09:20:24, 165.41, 56.35, 31.84
2025-01-30 09:25:23, 367.71, 59.94, 32.94
2025-01-30 09:40:24, 271.48, 53.04, 30.90
2025-01-30 09:45:24, 233.19, 57.64, 31.47
2025-01-30 09:50:24, 201.84, 59.21, 31.98
2025-01-30 09:55:24, 274.69, 53.76, 34.49
2025-01-30 10:10:24, 289.02, 55.98, 36.25
2025-01-30 10:15:24, 175.49, 59.98, 30.96
2025-01-30 10:20:24, 216.75, 54.14, 38.87
2025-01-30 10:25:24, 160.77, 53.46, 34.95
2025-01-30 10:40:24, 167.13, 55.27, 31.54
2025-01-30 10:45:24, 204.63, 50.35, 31.45
2025-01-30 10:50:24, 186.07, 51.78, 29.57
2025-01-30 10:55:24, 207.59, 57.01, 34.65
2025-01-30 11:05:54, 211.66, 56.84, 32.16
2025-01-30 11:10:53, 177.55, 55.99, 33.75
2025-01-30 11:15:54, 220.91, 51.16, 36.74
2025-01-30 11:20:53, 264.29, 55.64, 33.05
2025-01-30 11:25:54, 207.92, 60.54, 34.97
2025-01-30 11:40:24, 139.96, 57.00, 35.24
2025-01-30 11:45:24, 193.98, 57.61, 29.78
2025-01-30 11:50:24, 277.87, 56.28, 35.24
2025-01-30 11:55:24, 273.84, 59.85, 29.31
2025-01-30 12:10:25, 187.22, 50.57, 29.74
2025-01-30 12:15:24, 280.85, 50.19, 27.03
2025-01-30 12:20:24, 336.01, 55.28, 30.01
2025-01-30 12:25:25, 279.29, 56.26, 29.59
2025-01-30 12:40:25, 206.89, 59.28, 29.14
2025-01-30 12:45:24, 244.14, 58.26, 32.92
2025-01-30 12:50:25, 251.47, 56.98, 32.77
2025-01-30 12:55:25, 221.32, 56.05, 27.18
2025-01-30 13:10:25, 203.03, 54.58, 36.05
2025-01-30 13:15:25, 183.78, 53.98, 31.28
2025-01-30 13:20:25, 192.28, 49.48, 27.33
2025-01-30 13:25:25, 220.05, 58.41, 32.27
2025-01-30 13:40:25, 198.96, 56.50, 28.69
2025-01-30 13:45:25, 246.21, 45.13, 30.69
2025-01-30 13:50:25, 239.88, 52.79, 30.00
2025-01-30 13:55:24, 184.60, 51.60, 31.62
2025-01-30 14:10:25, 253.78, 55.32, 26.25
2025-01-30 14:15:24, 215.89, 51.11, 29.01
2025-01-30 14:20:25, 197.60, 52.04, 28.25
2025-01-30 14:25:25, 243.29, 54.48, 33.08
2025-01-30 14:40:25, 255.92, 56.41, 27.85
2025-01-30 14:45:25, 240.49, 50.40, 25.49
2025-01-30 14:50:25, 158.49, 44.89, 32.76
2025-01-30 14:55:25, 211.09, 42.81, 27.83
2025-01-30 15:10:25, 214.47, 49.66, 38.07
2025-01-30 15:15:24, 194.34, 47.92, 32.93
2025-01-30 15:20:25, 232.59, 49.67, 29.80
2025-01-30 15:25:24, 235.97, 41.30, 38.36
2025-01-30 15:40:24, 238.17, 47.68, 32.56
2025-01-30 15:45:25, 297.70, 42.04, 29.43
2025-01-30 15:50:24, 304.06, 33.52, 27.52
2025-01-30 15:55:25, 319.46, 50.18, 30.23
2025-01-30 16:10:25, 193.62, 48.52, 28.08
2025-01-30 16:15:24, 177.72, 44.40, 33.49
2025-01-30 16:20:24, 172.63, 49.35, 32.81
2025-01-30 16:25:25, 188.53, 43.10, 34.31
2025-01-30 16:40:24, 175.26, 46.87, 33.08
2025-01-30 16:45:25, 182.29, 49.16, 29.42
2025-01-30 16:50:24, 166.97, 45.31, 33.55
2025-01-30 16:55:25, 133.96, 45.97, 36.90
2025-01-30 17:10:24, 161.04, 40.54, 33.46
2025-01-30 17:15:24, 134.44, 44.58, 36.69
2025-01-30 17:20:25, 183.45, 44.47, 36.44
2025-01-30 17:25:24, 155.13, 48.99, 39.65
2025-01-30 17:40:24, 170.03, 36.91, 27.50
2025-01-30 17:45:24, 125.32, 40.05, 30.36
2025-01-30 17:50:25, 130.00, 43.29, 35.32
2025-01-30 17:55:25, 95.58, 42.79, 30.59
2025-01-30 18:10:26, 35.70, 41.69, 50.42
2025-01-30 18:15:26, 129.03, 40.15, 73.81
2025-01-30 18:20:27, 25.89, 42.36, 49.06
2025-01-30 18:25:26, 27.51, 33.76, 49.12
2025-01-30 18:40:26, 30.19, 32.56, 41.78
2025-01-30 18:45:27, 31.68, 38.82, 50.21
2025-01-30 18:50:26, 29.43, 41.82, 44.75
2025-01-30 18:55:26, 30.77, 45.72, 48.22
2025-01-30 19:10:26, 28.28, 36.07, 51.29
2025-01-30 19:15:26, 28.27, 41.50, 56.54
2025-01-30 19:20:26, 22.97, 32.61, 53.74
2025-01-30 19:25:27, 23.36, 40.33, 55.04
2025-01-30 19:40:27, 23.58, 39.69, 52.42
2025-01-30 19:45:26, 18.67, 36.19, 56.22
2025-01-30 19:50:26, 19.66, 33.80, 58.20
2025-01-30 19:55:27, 17.64, 31.64, 57.80
2025-01-30 20:10:27, 19.95, 37.39, 52.30
2025-01-30 20:15:27, 14.30, 37.12, 55.96
2025-01-30 20:20:26, 16.45, 32.66, 56.13
2025-01-30 20:25:27, 19.89, 33.61, 56.79
2025-01-30 20:40:26, 18.32, 33.30, 61.85
2025-01-30 20:45:27, 20.86, 35.24, 59.06
2025-01-30 20:50:26, 15.58, 36.27, 59.67
2025-01-30 20:55:27, 17.73, 32.57, 59.12
2025-01-30 21:10:25, 40.29, 38.24, 54.76
2025-01-30 21:15:24, 38.16, 37.08, 43.66
2025-01-30 21:20:26, 29.89, 38.92, 72.08
2025-01-30 21:25:25, 48.76, 31.80, 38.45
2025-01-30 21:40:24, 41.79, 40.28, 42.75
2025-01-30 21:45:25, 39.28, 37.96, 44.59
2025-01-30 21:50:25, 42.39, 37.02, 39.38
2025-01-30 21:55:26, 54.42, 23.85, 42.75
2025-01-30 22:10:24, 100.37, 43.67, 33.47
2025-01-30 22:15:24, 91.56, 41.69, 31.42
2025-01-30 22:20:24, 87.73, 42.69, 34.74
2025-01-30 22:25:25, 97.95, 42.75, 37.98
2025-01-30 22:40:26, 127.18, 43.59, 38.86
2025-01-30 22:45:24, 142.99, 44.38, 39.30
2025-01-30 22:50:24, 102.57, 45.07, 36.73
2025-01-30 22:55:24, 136.55, 38.73, 37.93
2025-01-30 23:10:24, 191.45, 55.45, 32.16
2025-01-30 23:15:25, 149.27, 45.22, 38.73
2025-01-30 23:20:24, 288.49, 56.19, 36.39
2025-01-30 23:25:25, 160.46, 52.28, 33.58
2025-01-30 23:40:24, 269.48, 52.08, 32.12
2025-01-30 23:45:24, 204.27, 56.18, 36.61
2025-01-30 23:50:24, 172.06, 52.97, 32.31
2025-01-30 23:55:24, 245.43, 61.75, 35.95
2025-01-31 00:10:25, 197.72, 62.92, 31.25
2025-01-31 00:15:24, 167.05, 59.40, 29.40
2025-01-31 00:20:24, 216.16, 59.80, 27.70
2025-01-31 00:25:24, 338.21, 61.73, 27.64
2025-01-31 00:40:24, 220.96, 68.08, 22.83
2025-01-31 00:45:24, 93.67, 67.64, 27.80
2025-01-31 00:50:24, 197.87, 67.78, 26.03
2025-01-31 00:55:23, 196.05, 66.35, 26.53
2025-01-31 01:10:24, 185.41, 67.93, 28.17
2025-01-31 01:15:24, 94.81, 62.87, 28.79
2025-01-31 01:20:24, 223.17, 47.32, 24.02
2025-01-31 01:25:24, 248.06, 75.87, 24.43
2025-01-31 01:40:24, 217.20, 66.23, 26.59
2025-01-31 01:45:25, 199.24, 47.11, 24.62
2025-01-31 01:50:24, 196.71, 72.44, 25.92
2025-01-31 01:55:24, 237.62, 73.30, 27.48
2025-01-31 02:10:24, 211.89, 72.61, 27.09
2025-01-31 02:15:24, 187.10, 70.54, 27.69
2025-01-31 02:20:24, 214.08, 48.39, 21.80
2025-01-31 02:25:24, 194.03, 48.14, 25.85
2025-01-31 02:40:24, 200.36, 74.81, 27.51
2025-01-31 02:45:24, 203.72, 49.48, 22.43
2025-01-31 02:50:24, 268.68, 76.91, 28.95
2025-01-31 02:55:24, 238.58, 48.75, 22.69
2025-01-31 03:10:25, 184.09, 45.42, 30.73
2025-01-31 03:15:25, 203.12, 47.47, 28.74
2025-01-31 03:20:25, 232.97, 74.64, 34.08
2025-01-31 03:25:25, 184.53, 69.08, 29.08
2025-01-31 03:40:25, 219.05, 44.11, 30.47
2025-01-31 03:45:24, 172.36, 46.20, 33.58
2025-01-31 03:50:26, 240.18, 47.32, 32.41
2025-01-31 03:55:24, 215.18, 76.04, 33.09
2025-01-31 04:10:25, 229.97, 44.91, 28.67
2025-01-31 04:15:26, 212.55, 73.31, 31.16
2025-01-31 04:20:25, 192.36, 75.44, 26.29
2025-01-31 04:25:25, 234.31, 75.22, 28.28
2025-01-31 04:40:26, 252.60, 76.24, 33.00
2025-01-31 04:45:25, 249.51, 76.69, 30.13
2025-01-31 04:50:25, 249.41, 76.39, 25.59
2025-01-31 04:55:24, 192.37, 75.01, 27.33
2025-01-31 05:10:25, 219.54, 45.60, 33.11
2025-01-31 05:15:25, 234.43, 72.15, 35.15
2025-01-31 05:20:25, 225.95, 47.65, 31.32
2025-01-31 05:25:24, 264.05, 45.82, 22.48
2025-01-31 05:40:25, 274.64, 73.25, 33.85
2025-01-31 05:45:25, 181.88, 70.68, 28.32
2025-01-31 05:50:24, 200.03, 44.63, 25.90
2025-01-31 05:55:25, 243.26, 73.84, 35.50
2025-01-31 06:10:26, 230.95, 44.72, 27.23
2025-01-31 06:15:24, 242.80, 47.35, 29.42
2025-01-31 06:20:25, 221.42, 45.85, 35.65
2025-01-31 06:25:25, 219.42, 60.91, 29.33
2025-01-31 06:40:25, 239.58, 66.13, 25.05
2025-01-31 06:45:25, 242.89, 65.83, 26.26
2025-01-31 06:50:24, 191.96, 68.24, 27.06
2025-01-31 06:55:25, 207.49, 67.19, 29.33
2025-01-31 07:10:24, 217.66, 67.97, 28.54
2025-01-31 07:15:25, 215.88, 57.83, 24.89
2025-01-31 07:20:25, 316.68, 56.05, 26.86
2025-01-31 07:25:25, 230.88, 63.61, 25.35
2025-01-31 07:40:25, 198.75, 59.86, 29.60
2025-01-31 07:45:25, 178.26, 64.19, 26.43
2025-01-31 07:50:25, 231.65, 60.80, 27.26
2025-01-31 07:55:24, 279.31, 64.02, 32.28
2025-01-31 08:10:25, 179.52, 59.99, 31.12
2025-01-31 08:15:26, 188.37, 56.19, 30.07
2025-01-31 08:20:25, 203.38, 61.29, 30.96
2025-01-31 08:25:25, 245.00, 62.62, 29.04
2025-01-31 08:40:24, 160.81, 57.52, 22.94
2025-01-31 08:45:24, 180.84, 56.03, 32.39
2025-01-31 08:50:25, 194.09, 57.53, 27.83
2025-01-31 08:55:25, 210.76, 59.52, 28.14
2025-01-31 09:10:25, 191.25, 61.37, 31.20
2025-01-31 09:15:25, 188.27, 55.66, 30.27
2025-01-31 09:20:25, 124.43, 61.20, 24.66
2025-01-31 09:25:25, 150.90, 50.78, 29.75
2025-01-31 09:40:25, 186.83, 53.52, 39.94
2025-01-31 09:45:25, 211.16, 53.95, 37.03
